subject,hyperlink,color
Abraham; Isaac; Ishmael,https://loom.loomofreality.org/#?category=0FDA9B7CC77849A9B4E383D68116F833,#D32B1E
Adam; Adam and Eve,https://loom.loomofreality.org/#?category=6B2378895BCC48AEB5D0E7EA6B70D626,#D32B1E
Ascension of Baha'u'llah,https://loom.loomofreality.org/#?category=2AA92E315F90E73014DE6159A4A9C633,#FFC000
Baha'u'llah in Sulaymaniyyih,https://loom.loomofreality.org/#?category=2E0BDF1117A9E8E28B95887851BB65EC,#FFC000
Baha'u'llah,https://loom.loomofreality.org/#?category=3491B0317F6A4084995CD331AD2C278E,#FFC000
Buddhism and Hinduism; religions of the East,https://loom.loomofreality.org/#?category=81056F52133146DC9ED2FCA3A4D36D9E,#D32B1E
Christ; Christianity,https://loom.loomofreality.org/#?category=0FA444A710AD4FADBE7A093449A77252,#D32B1E
Christian doctrine and practice,https://loom.loomofreality.org/#?category=3923920E5182EE6A6F0687657820B538,#D32B1E
Christian rejection of Baha'u'llah and the Baha'i Faith,https://loom.loomofreality.org/#?category=C4984637D6BEEC4DAFE3870A9B894F83,#D32B1E
Covenant-breaking and Covenant-breakers,https://loom.loomofreality.org/#?category=42BA11FC5FE24CBEA769298634A7FA42,#7E1510
Crimson Ark; the Ark of God,https://loom.loomofreality.org/#?category=108EE115E5F8E2EBA9E19453C6181C23,#7F7E80
Declaration of Baha'u'llah,https://loom.loomofreality.org/#?category=3411B39633A8E7CBBEE7284A878D8283,#FFC000
Declaration; advent of the Bab,https://loom.loomofreality.org/#?category=A93782333D92EAE03CD81416F31AA617,#FFC000
East and West; communication between East and West,https://loom.loomofreality.org/#?category=DDED88E95778E61DFBBBA823FAF0AE38,#CC9900
God as immanent vs. transcendent reality,https://loom.loomofreality.org/#?category=183823600ED74219B463809E7A4803D6,#702C8C
God as personal vs. impersonal reality,https://loom.loomofreality.org/#?category=0905F934B5D4402E84FCD0F0E325E0A7,#702C8C
God's attributes require the existence of objects,https://loom.loomofreality.org/#?category=50E64D5F25E34797A55642F2919C4317,#702C8C
God's knowledge,https://loom.loomofreality.org/#?category=D49918E5C4014E13A7AD43BCB1E89561,#702C8C
God's love for His own Essence,https://loom.loomofreality.org/#?category=592F9B4AA5B5491F827732B4D4675681,#702C8C
God's oneness [ahadiyyih and wahidiyyih],https://loom.loomofreality.org/#?category=6B2E2534F05E41069B3E1A18F5B552D4,#702C8C
Greatest Name,https://loom.loomofreality.org/#?category=C01E406DEFE6475ABF35B7FABEA3D636,#BA1C30
Greek philosophers; Greek civilization,https://loom.loomofreality.org/#?category=34A3FA09461A48D6B1F6B3D25BBA965F,#D32B1E
Hands of the Cause,https://loom.loomofreality.org/#?category=A2D5016F2A87467E87D0D1509478C894,#ED7D31
He Whom God Shall Make Manifest; the Bab and Baha'u'llah,https://loom.loomofreality.org/#?category=1BD3D83CFE5BED467DA6187D16824CF5,#FFC000
Hermes; Balinus,https://loom.loomofreality.org/#?category=0E72B50E6B2AE34489CE39A75BE041F5,#D32B1E
Holy Days and the Baha'i calendar,https://loom.loomofreality.org/#?category=1FED56E998B24C76A6E68CC456452598,#ED7D31
House of Justice,https://loom.loomofreality.org/#?category=A801789EBB804ABB86C36BB8CAB50FED,#ED7D31
House of Worship [Mashriqu'l-Adhkar],https://loom.loomofreality.org/#?category=E52E5452873A452AA14119AAB8CFFC41,#ED7D31
Imam 'Ali,https://loom.loomofreality.org/#?category=129EDBCF7ED2E0B8513EF2AAE612D9C6,#D32B1E
Imam Husayn,https://loom.loomofreality.org/#?category=B08DD762C73AED1C83EAE3215CED1D53,#D32B1E
Islamic laws and jurisprudence,https://loom.loomofreality.org/#?category=4EC3B48779BCE95B8D63B0C30835E863,#D32B1E
Islamic rituals; holy days; practices; etc.,https://loom.loomofreality.org/#?category=7BD7CC169D32E75C6079CAD5883AFA43,#D32B1E
Jabulqa and Jabarsa,https://loom.loomofreality.org/#?category=335D74632561E2EEA7E795D40A3FECE9,#D32B1E
John the Baptist,https://loom.loomofreality.org/#?category=F0EB2ED42499EBA2278AA145E8D4C11A,#D32B1E
Judaism; the Torah; the Jewish people,https://loom.loomofreality.org/#?category=93585856EDADED995488E210D42FFF2E,#D32B1E
Judas,https://loom.loomofreality.org/#?category=DC052035304CEABF417ECFC688C5A234,#D32B1E
Letters of the Living,https://loom.loomofreality.org/#?category=633923C55D8AEAECA4874A15A969CCE5,#FFC000
Manifestation of God as divine physician,https://loom.loomofreality.org/#?category=4C00027D22054CDE8AACBF0F817122C2,#BA1C30
Manifestation of God as educator,https://loom.loomofreality.org/#?category=54135CB53EEE434D8B77F1C91F81A26C,#BA1C30
Manifestation of God as gardener; cultivator,https://loom.loomofreality.org/#?category=DD46AC953147458BAB7F06770FD865D5,#BA1C30
Manifestation of God as mediator,https://loom.loomofreality.org/#?category=83C2E82C31DB4115A3CDF5884D0CB19E,#BA1C30
Manifestation of God as mirror,https://loom.loomofreality.org/#?category=D941821F406B4A20B1E60AD343B49717,#BA1C30
Manifestation of God as pen,https://loom.loomofreality.org/#?category=72E10246A92341B09224346EC3B1C47C,#BA1C30
Manifestation of God as recipient of divine revelation; Holy Spirit,https://loom.loomofreality.org/#?category=108A205E354349B7B235F2EDB2FD6A52,#BA1C30
Manifestation of God as sun,https://loom.loomofreality.org/#?category=B31B67349BA147D8A57CDBAF1EDE3B35,#BA1C30
Manifestation of God as tree of life; sadratu'l-muntaha,https://loom.loomofreality.org/#?category=C7CC32A1E2224C06A744204F2B89557C,#BA1C30
Manifestation of God does not act of own volition,https://loom.loomofreality.org/#?category=6D7204B00C3E4F1B99909ABBFDE53798,#BA1C30
Manifestation of God speaking in the voice of Divinity,https://loom.loomofreality.org/#?category=618FD8010F10E760CBC53B05C0F1DC25,#BA1C30
Manifestation of God the only route to knowledge of God,https://loom.loomofreality.org/#?category=9D3855920D804CC38601F6D85145019F,#BA1C30
Mary Magdalene,https://loom.loomofreality.org/#?category=042B3F5C87F541728495F9973A5F53AC,#D32B1E
Mosaic imagery,https://loom.loomofreality.org/#?category=924E29A008BEE398A06D6EE4C7284B14,#D32B1E
Moses,https://loom.loomofreality.org/#?category=39795FE0FF8AE70BF2A0D5EF2720675C,#D32B1E
Mount Carmel,https://loom.loomofreality.org/#?category=DB38CEAE0E40EAE9C4AAFC8ADE5D2C13,#FFC000
Muhammad; Islam,https://loom.loomofreality.org/#?category=CCF2AE9DD9D04057AF9F40C129F86467,#D32B1E
Night of Power (Laylat al-Qadr),https://loom.loomofreality.org/#?category=FB0CCE58F8F7E6416F1C170BAB27C374,#D32B1E
Nineteen-Day Feast,https://loom.loomofreality.org/#?category=57BF058414414E9B8ADC4026619BDFCB,#ED7D31
Noah,https://loom.loomofreality.org/#?category=88066A5833DD4297B92D9E222AC2FDE7,#D32B1E
Ottoman commissions of investigation,https://loom.loomofreality.org/#?category=8766D94FDC82E2B41C7E6A2CA0AE8C69,#FFC000
Perfect Man [insan-i-kamil],https://loom.loomofreality.org/#?category=77E5DDB689E847A198C9D181A95A2B27,#BA1C30
Primal Will and the Word; Remembrance; Manifestation of God,https://loom.loomofreality.org/#?category=2AEC483F2F894D19A2807A453EDF46DA,#702C8C
Quddus,https://loom.loomofreality.org/#?category=00BF08BD4956E5654A7316968B4444DD,#FFC000
Qur'an and Hadith quotation and interpretation,https://loom.loomofreality.org/#?category=19377C1C79EB4023BAD88C9FEA93B741,#D32B1E
Saint Peter and Saint Paul,https://loom.loomofreality.org/#?category=4A93A1AFA0B44305BB29CFD7BF83CFC4,#D32B1E
Satan; the Evil One,https://loom.loomofreality.org/#?category=193C91CD0633EC4761A43270D9F9E963,#7F7E80
Seal of the Prophets,https://loom.loomofreality.org/#?category=B550C93F4C28EFA9AAAACB38F0F99623,#D32B1E
Shaykhis,https://loom.loomofreality.org/#?category=40999490B5634E129BEF0B616CF2D758,#D32B1E
Shoghi Effendi and the Guardianship,https://loom.loomofreality.org/#?category=DAE90333756E439B9E3B55F9D3EC62CA,#ED7D31
Shrines and Holy places,https://loom.loomofreality.org/#?category=69863262A551E3763501D5846A98329B,#ED7D31
Tahirih [Qurratu'l-'Ayn],https://loom.loomofreality.org/#?category=FEC8373274E6EBEF66637D65D1974647,#FFC000
The Holy Spirit,https://loom.loomofreality.org/#?category=55CE96F733184F5FBA91482E85085853,#702C8C
The self-generation of the Primal Will,https://loom.loomofreality.org/#?category=C470397E9BCC44ECB45F21E1521E18C1,#702C8C
The Primal Will,https://loom.loomofreality.org/#?category=9D9002D8700F4A2D893B0869236D586F,#702C8C
Theosophy,https://loom.loomofreality.org/#?category=EE2AA5032CD445FFB209041F23A8D80A,#D32B1E
Twin pillars; interpretation and legislation,https://loom.loomofreality.org/#?category=9FA6AD866A4C4579AB7D06AFE744DE67,#ED7D31
Word of God and human limitations,https://loom.loomofreality.org/#?category=A867E142C1FC454488A95DEED1B39E95,#CC0099
Word of God is its own standard,https://loom.loomofreality.org/#?category=476749D229DA473E89464763E1955D51,#CC0099
Word of God sanctified from time and place,https://loom.loomofreality.org/#?category=523CD2C496054AA682E01449BD6EE537,#CC0099
Word of God the cause of creation,https://loom.loomofreality.org/#?category=3C7DBDDAC30A4CEDA9AF6EA4D195C374,#CC0099
Zoroastrianism; Mahabad and Zoroaster,https://loom.loomofreality.org/#?category=8B1D9153E2094E73B802A8F5BA05D083,#D32B1E
absolute freedom; independence of God,https://loom.loomofreality.org/#?category=82A5773ED5884220A919FDF77F608B7B,#702C8C
accounts of dreams and visions,https://loom.loomofreality.org/#?category=3B57EEE27265EC0B9258A2C095E271E7,#7F7E80
acknowledgment of gift; of monetary contribution,https://loom.loomofreality.org/#?category=D9EB77409AAAEE3EEEBB51E542688C78,#000000
acquiescence and resignation; contentment,https://loom.loomofreality.org/#?category=8143807DA046EA3DD9AFADD97E824E93,#4277B6
acting according to the exigencies of the day; pragmatism,https://loom.loomofreality.org/#?category=3DE707E957524AA9917CF7260E04198D,#CC9900
agriculture,https://loom.loomofreality.org/#?category=BCBBE51E0C534AA7A0EF24D3B5C199CD,#00B050
alchemy; the elixir,https://loom.loomofreality.org/#?category=97D363B457A646108D4A51A115461DA8,#7F7E80
alcohol and drugs; tobacco; opium,https://loom.loomofreality.org/#?category=7D29F9186A9D4091811A4EA61499CEC8,#CCCC00
all things are in motion; kinds of motion,https://loom.loomofreality.org/#?category=4CB12B78171B4DC2A79D934CD45898C5,#538135
alteration of the divine will [bada],https://loom.loomofreality.org/#?category=B71A5AD3EFDF459695EBD1C1B11C18F6,#538135
angels,https://loom.loomofreality.org/#?category=2A6D62207284EAED0144C1FDBFABE5CD,#7F7E80
anthropomorphism,https://loom.loomofreality.org/#?category=EB1FDEB2D7B0ED8972715774FF0928FD,#CCCC00
apocalyptic imagery,https://loom.loomofreality.org/#?category=7A570AC34964ECA1A57B62D65E2D5D29,#7F7E80
apostles; early disciples of Christ,https://loom.loomofreality.org/#?category=A0576BEEDEFBE1D30BDBD486E037E8EB,#D32B1E
arcs of ascent and descent,https://loom.loomofreality.org/#?category=8CDBF5DFF3E24FB1AAF00AA7099BA2CE,#538135
assistance to the poor and lowly; the orphan; the sick,https://loom.loomofreality.org/#?category=B118E279E521421DA6DE76C3D326B7A6,#2B3514
astrology and numerology,https://loom.loomofreality.org/#?category=80A27A174ADBEBDDDCB2D427A7812EEC,#CCCC00
attaining good pleasure of God,https://loom.loomofreality.org/#?category=034E6E7433614B24B4A7683E29D0C241,#91218C
attaining the life of the spirit,https://loom.loomofreality.org/#?category=AE0799C6978C430E8B793BC7101E1A12,#4277B6
attainment to faith in the twinkling of an eye,https://loom.loomofreality.org/#?category=CC665A6DF13F47FDAD2C8D96DC8A012E,#4277B6
authentication; disposition of the Sacred Writings,https://loom.loomofreality.org/#?category=5DC49AA51AAA48EFACCCC2272661585B,#000000
autobiographical account; narrative of Abdu'l-Baha,https://loom.loomofreality.org/#?category=E9694E11B244E2587DE1BB0F8D416710,#FFC000
avoidance of Covenant-Breakers,https://loom.loomofreality.org/#?category=1A971A1344BAEBC011C3866BFE27B179,#7E1510
banishment to; life in 'Akka,https://loom.loomofreality.org/#?category=4FAFE46E3FC7417BAC3D18A3C7D260C2,#FFC000
banishment to; life in Adrianople,https://loom.loomofreality.org/#?category=6580A1098A7242F9B29D4916F5B4F414,#FFC000
banishment to; life in Baghdad,https://loom.loomofreality.org/#?category=BD6AD7D972DCE3881CF23778EE78C347,#FFC000
banishment to; life in Constantinople,https://loom.loomofreality.org/#?category=7F59847655ADEAE2D09CC9CC9F5F4DE1,#FFC000
banishments of Baha'u'llah,https://loom.loomofreality.org/#?category=78DB0A81C7FFE1423784B68876BBD5D4,#FFC000
beauty; grace; aesthetics,https://loom.loomofreality.org/#?category=05E420B98BD2E4B67D13B89EF7D1AFDF,#4277B6
begging; mendicancy; idleness and sloth,https://loom.loomofreality.org/#?category=7A8829E6EC2442739DC33E5133C1D8EB,#CCCC00
being a channel for the Holy Spirit in teaching the Cause,https://loom.loomofreality.org/#?category=FEC1A5C44287454E9CA7BCBB4E5EC15C,#2B3514
being a source of light; guidance,https://loom.loomofreality.org/#?category=B1D5DEBD4BDBE604BF563353CF2199E1,#2B3514
being a source of living waters in teaching the Cause,https://loom.loomofreality.org/#?category=DA0726CDD9B147D4BF61D51E98631079,#2B3514
belief and denial,https://loom.loomofreality.org/#?category=1B9173457DB3E756B5CA9F035EFD7CC9,#7F7E80
birth control; preventing procreation,https://loom.loomofreality.org/#?category=9F5C99BFEC18E75332DC80B41D791C09,#CCCC00
birth of Christ; purity; virginity of Mary,https://loom.loomofreality.org/#?category=B34A98AB07FA4A878A55CB4FA12363CC,#D32B1E
blind imitation [taqlid],https://loom.loomofreality.org/#?category=3E0F43FD317AEC54131AD435E2317B05,#CCCC00
bribery and corruption,https://loom.loomofreality.org/#?category=9F73D0D4B3B142C4AFD0C88C471AA8EA,#CCCC00
bringing forth results; fruit,https://loom.loomofreality.org/#?category=48DEE65D2ED14EB091B457DDD6377B17,#4277B6
bringing oneself to account each day,https://loom.loomofreality.org/#?category=2D710809ABBEE0A86D74432B30AF72EC,#4277B6
business; financial; property matters,https://loom.loomofreality.org/#?category=8C309A3E20044543A9A72F36981F7D2A,#000000
call to acquire knowledge; sciences,https://loom.loomofreality.org/#?category=157B1606343947178806DFE21D30B32B,#00B0F0
call to action,https://loom.loomofreality.org/#?category=64297813E037448AB17A91940A7008DE,#000000
call to unity; prohibition of disunity,https://loom.loomofreality.org/#?category=FE8395896269EDE56E9A05BA5E15262E,#00B050
categories of Prophets (major; minor; village),https://loom.loomofreality.org/#?category=549FF19A14C34681BDC8A37E58CDEDB8,#BA1C30
celestial spheres [aflak]; planets; astronomy,https://loom.loomofreality.org/#?category=EC85462E1B8045CBBD2710350E2D29CD,#538135
challenging nature; abstruseness of the Word of God,https://loom.loomofreality.org/#?category=F2018257FF444B239E26ECE36E0BBD84,#CC0099
changing and unchanging parts of religion,https://loom.loomofreality.org/#?category=A3B4B220998C46ED868D97D28B10F856,#7E1510
charitable associations; humanitarian activities,https://loom.loomofreality.org/#?category=654F0A9EF8A7EEFDC749F4577396E5B5,#00B050
chastisement and requital,https://loom.loomofreality.org/#?category=9418F5521D7B489CA21A536FB126B118,#000000
chastity and purity,https://loom.loomofreality.org/#?category=FEC681A8D62B4EA3B73B57371D4A34C7,#4277B6
church and state in the future,https://loom.loomofreality.org/#?category=75A9D94E0E8246BB9A1ABA6AC13D6E04,#CC9900
civil courts,https://loom.loomofreality.org/#?category=D91EA8A9A1D8EBDA0B482B71D1923543,#CC9900
cleanliness and refinement,https://loom.loomofreality.org/#?category=930E4F8D8225422881E16A841A80DE02,#4277B6
collection; ordering of the Sacred Writings,https://loom.loomofreality.org/#?category=503D834854BDEB5CCD97EE019214285C,#000000
coming-of-age; maturity of mankind,https://loom.loomofreality.org/#?category=FA54B06FDFAEE43C8FE0DBD8E1679105,#CC9900
compassion; kindness,https://loom.loomofreality.org/#?category=210D276A06CCE27ECA75FDC0B8F5205C,#2B3514
competition vs. cooperation; the struggle for existence,https://loom.loomofreality.org/#?category=4608855BEE32ECCA93D8AEDDC59A08B9,#538135
composition and decomposition,https://loom.loomofreality.org/#?category=7AE1A354F2A3406393A8279C473B7B9D,#538135
composure; tranquillity; serenity,https://loom.loomofreality.org/#?category=7E47D15B29E2E0A0D13CF981131C65BF,#4277B6
condition of search,https://loom.loomofreality.org/#?category=3BE6E42E9BA44C61A8C86EA2B6F82BEA,#4277B6
conduct in finance and business,https://loom.loomofreality.org/#?category=8EDE6B0C407DE4EE770AB1CEFF0BCA15,#00B050
conference of Badasht,https://loom.loomofreality.org/#?category=236E360BA2B3E9C4DB95B63DD7CD0BD8,#FFC000
confession of sins,https://loom.loomofreality.org/#?category=E9ADCFE0C5C74BF7819BA274BBF6D654,#CCCC00
confidence; courage; faith in teaching the Cause,https://loom.loomofreality.org/#?category=9224074A0D154DCA8D3FE6E6AB21DB6A,#2B3514
confirmations and rewards in teaching the Cause,https://loom.loomofreality.org/#?category=7CD2FD413A26449884C53C73A2482877,#2B3514
connection between material and spiritual worlds,https://loom.loomofreality.org/#?category=E928CB27776B41508EE8B5DE01F40D61,#538135
consolation and comfort,https://loom.loomofreality.org/#?category=14BC9A91715CE69B9FADD0DC5735323F,#000000
consorting with all; being kind; loving to all,https://loom.loomofreality.org/#?category=F8339A44D4ED49B8A05EF89719DBCE80,#2B3514
constitutional revolution in Iran,https://loom.loomofreality.org/#?category=A25CD3C8159CEB118B7B8E04471AF21A,#FFC000
consultation,https://loom.loomofreality.org/#?category=25A32FCFEDFE4DDF82D196BFF21A9DFC,#ED7D31
consumption of meat; vegetarianism; diet,https://loom.loomofreality.org/#?category=48621AD544B8E82577AB10138F095714,#00B050
contemplation,https://loom.loomofreality.org/#?category=DA67DEF4ED6E470BA9C5A666A3697E80,#4277B6
contention and conflict,https://loom.loomofreality.org/#?category=48768953025E40D1B1F978FF61180A24,#CCCC00
continual renewal of creation,https://loom.loomofreality.org/#?category=C213F67401F9445F8429A5F2621563E5,#538135
corruption and decline of Islam; of the Shi'ih,https://loom.loomofreality.org/#?category=219279DFECFA48B88656EECEC4290CA7,#D32B1E
corruption and renewal; abandoning religious dogmas,https://loom.loomofreality.org/#?category=A3B6DA84931BE1A9E2A91755E047538C,#CC9900
corruption; misinterpretation of the Word of God,https://loom.loomofreality.org/#?category=A4A06D2046A34125BE345C7E50F25812,#CC0099
courage,https://loom.loomofreality.org/#?category=91DA577AA068EEADBB6D0F598A93F0CC,#4277B6
courtesy; culture [adab],https://loom.loomofreality.org/#?category=CF1F45263A44466C9655EE1714DE1B33,#2B3514
creation of the world,https://loom.loomofreality.org/#?category=E7BFAD48788E4AFE9B6EA752F7671AB1,#538135
creativity in art,https://loom.loomofreality.org/#?category=C607ACD036BEE32B103A75FD10883CF2,#00B050
criticism and its limits,https://loom.loomofreality.org/#?category=FC432E0A92F54E1C92D817DB8FCBC332,#ED7D31
critique of Eastern values; culture,https://loom.loomofreality.org/#?category=F9C794BCA51BED7F0C2DC8620BC743F9,#CC9900
critique of Western values; culture,https://loom.loomofreality.org/#?category=AC28DBB6808BE947DE1EE25ECB14F544,#CC9900
"critiques of capitalism, communism, socialism",https://loom.loomofreality.org/#?category=E0C67E8BCD98E16FC59F299D4772672E,#CC9900
crucifixion; ascension of Christ,https://loom.loomofreality.org/#?category=48B550F0BB80EEB2A03AF8999B747FFE,#D32B1E
cycles in the physical and spiritual worlds,https://loom.loomofreality.org/#?category=50E10CB3367945B283E91F7CC23BFD22,#538135
da'iras and haykals,https://loom.loomofreality.org/#?category=790E35DDA6D9EA7C9052453004D7161B,#000000
day of Resurrection; Judgement,https://loom.loomofreality.org/#?category=4A0212925E1641028AE59AFCC9784431,#D32B1E
day of rest,https://loom.loomofreality.org/#?category=11125D8F1B304196A35D82E2DD0EBFBF,#ED7D31
defending the Faith; protecting the Cause; apologetics,https://loom.loomofreality.org/#?category=AE513863B45CE049600364AD783BC0EF,#CC9900
definitions of a Baha'i; qualities of a Baha'i,https://loom.loomofreality.org/#?category=AD7F1E7F696842D3B9D7E108934676B7,#7E1510
degrees of faith; certitude,https://loom.loomofreality.org/#?category=C306A880A1774D0FBF02956CCEAF45FF,#4277B6
degrees of spirit and the kingdoms of existence,https://loom.loomofreality.org/#?category=D03BB2731AA9495289A5738021BFA48E,#538135
demons and evil spirits,https://loom.loomofreality.org/#?category=4CB7B206ED48ED717EB75A017F7D6FFF,#CCCC00
destruction of books,https://loom.loomofreality.org/#?category=3352E8B99ABAE6574A08BB29E7109D71,#CCCC00
detachment in teaching the Cause,https://loom.loomofreality.org/#?category=5074FD02BF4C47E68CE9773D10D7AB7C,#2B3514
detachment; severance; renunciation; patience,https://loom.loomofreality.org/#?category=379BEFFCBC0C4B9683034D7269624B3C,#4277B6
development of capacity and readiness,https://loom.loomofreality.org/#?category=8867A9B4875C48BB846B800856E218D7,#4277B6
devotion; sacrifice; consecration in teaching the Cause,https://loom.loomofreality.org/#?category=2D12EEDFF50D4948A08373A17486D04A,#2B3514
differences between the Manifestations; station of distinction,https://loom.loomofreality.org/#?category=797723473B3647F38FDE65C86DBE2669,#BA1C30
differences in human capacity,https://loom.loomofreality.org/#?category=80687FE0F2F74ECB82AD3E83C0CBC790,#00B0F0
disregarding bodily comfort,https://loom.loomofreality.org/#?category=6ACA0A9D5724EB78D1F8FF7F8B25248F,#4277B6
disregarding individual capacity; weakness,https://loom.loomofreality.org/#?category=DF5AB62FC672E0C0F4E413C12B784E5E,#4277B6
disregarding own capacity in teaching the Cause,https://loom.loomofreality.org/#?category=07D20A3AD4B944BD8CF60BEE1C34CE61,#2B3514
dissimulation [taqiyyih]; concealment or denial of Faith,https://loom.loomofreality.org/#?category=9BFC206319554532B734279F1627E279,#CCCC00
diversity an attribute; requirement of existence,https://loom.loomofreality.org/#?category=D311B27723C741DCB7348644B473637F,#538135
diversity of thought and belief,https://loom.loomofreality.org/#?category=1D83C2845EC949C38F5C60A09DF26805,#00B050
divine attributes are within all things; every atom,https://loom.loomofreality.org/#?category=B996EA76F6EC401A9148E1F0507C179A,#702C8C
divine emanation is ceaseless; eternal,https://loom.loomofreality.org/#?category=68137F318C6144AAAF17C8290F33061E,#702C8C
"divine grace, bounty, confirmations; spiritual capacity",https://loom.loomofreality.org/#?category=6DFF61AF1A174D40865772C3AB40FF7E,#91218C
divine philosophy and natural philosophy,https://loom.loomofreality.org/#?category=43F0402F0B1F4706BC577B7A7A79BFFD,#538135
divine unity [tawhid] and degrees of unity,https://loom.loomofreality.org/#?category=0CA85F9D98D4467C8454CE42CA5BB10D,#702C8C
duration of the Baha'i cycle; future divine revelations,https://loom.loomofreality.org/#?category=1DECA0446C2D4E74BF311F15691FB7A7,#CC9900
early Christian persecutions; the Pharisees,https://loom.loomofreality.org/#?category=8D2A3C574FE5EDD77156FE2FD3CEE657,#D32B1E
early years; early ministry of Baha'u'llah,https://loom.loomofreality.org/#?category=5F8F9C8FC270E02F85790BAA9EAE1BDE,#FFC000
education and the development of capacity,https://loom.loomofreality.org/#?category=EEEFCF8268224145B6028CD4848913D1,#00B050
education of children; moral education,https://loom.loomofreality.org/#?category=4527819F4272482F94777C3D36326FD4,#00B050
educational curricula,https://loom.loomofreality.org/#?category=DA23248649CEE53DD015F93A520C3B49,#00B050
effort; striving,https://loom.loomofreality.org/#?category=BB047A0483F7446F98969E0BB0A9A2A0,#4277B6
elections,https://loom.loomofreality.org/#?category=8E30B938D8A9455F8C4FABC5769EBBF4,#ED7D31
elementary matter cannot be annihilated,https://loom.loomofreality.org/#?category=2C48E4DA524C42328C7C0ADBBA685C0E,#538135
emanation vs. manifestation,https://loom.loomofreality.org/#?category=26BFCA2FC4E44906BAAB903F56228AB0,#702C8C
empty learning; false spirituality,https://loom.loomofreality.org/#?category=2A60928585F2ED134ACCA47EE14C6A73,#CCCC00
encouragement of individual understanding; interpretation,https://loom.loomofreality.org/#?category=D976C103EF6FE9FEFBD2EB9D09BC8863,#7F7E80
entry by troops,https://loom.loomofreality.org/#?category=7BE0AAF756CD4A81AE847980637B8C7F,#CC9900
episodes from the early history of Islam,https://loom.loomofreality.org/#?category=7224C128FE3EED201628A9AF51BCF757,#D32B1E
equality of men and women,https://loom.loomofreality.org/#?category=55D2FC30AFA84B35ACE7F2ADC2E8DD0E,#00B050
essential distinction of Manifestation of God from others,https://loom.loomofreality.org/#?category=4657EFC24412422099AA26E26F483158,#BA1C30
essential vs. actional attributes of God,https://loom.loomofreality.org/#?category=B8ED66ABF42C4C94B1950954F56B46F0,#702C8C
essential; necessary relationships,https://loom.loomofreality.org/#?category=EB5F4540A0394BA99D1146B7A7D5216C,#538135
eternal archetypes [a'yan-i-thabitah],https://loom.loomofreality.org/#?category=5C9B2EC0371C49F7A3566365EC1285B8,#702C8C
eternality vs. origination; creation from nothingness,https://loom.loomofreality.org/#?category=BFA8DCA4C0C24066BAF0F869C88CF522,#538135
ether; the phenomenon of light,https://loom.loomofreality.org/#?category=1DADF08CF0244AD19C8296CF92A08546,#538135
eulogies; reminiscences,https://loom.loomofreality.org/#?category=9F2E188A76D8EB43AE22B4F563C85137,#000000
evanescence and eternality; fana and baqa,https://loom.loomofreality.org/#?category=70850E6FB45E400FA41773E2557B5CF3,#4277B6
events in the life and ministry of the Bab,https://loom.loomofreality.org/#?category=9205A8E9160E4C7B9641A2DB4D58E877,#FFC000
evolution; human evolution,https://loom.loomofreality.org/#?category=F7EC8954BFA749B4ACA3C4353E8A96CB,#538135
exalting the Word of God in teaching the Cause,https://loom.loomofreality.org/#?category=93ADDD447B4E489DB8D200F294BCBEF8,#2B3514
excellence; distinction,https://loom.loomofreality.org/#?category=5B4432116D03EDAB41C16C80226D731C,#2B3514
executive government; power of execution,https://loom.loomofreality.org/#?category=E003A2891F2142D087E529A04B7BC8F7,#CC9900
exhortations and counsels,https://loom.loomofreality.org/#?category=3186621C7B97EB4AAD2CCA81C1358C2B,#000000
existence and nonexistence; preexistence,https://loom.loomofreality.org/#?category=EFDFB11C5F3247618BA648A0DD0EB4B3,#538135
existence; immortality of the human soul,https://loom.loomofreality.org/#?category=C691C4FF81064ADC8EE804AF197F35A9,#00B0F0
expressions of grief; lamentation; sadness,https://loom.loomofreality.org/#?category=8B74AA4BF06FE197BC2DFCF83BE17C14,#000000
fairmindedness; personal justice [insaf],https://loom.loomofreality.org/#?category=82455B2C114D470186777AA5E2D9F29B,#2B3514
false claims to divine revelation or spiritual stations,https://loom.loomofreality.org/#?category=A8A268456D19E3888627BDEB1F3317E5,#CCCC00
family of Muhammad; early figures in Islam,https://loom.loomofreality.org/#?category=9D847C787D6FEA9EBEB20CB63CD11BDC,#D32B1E
fellowship with the wayward and ungodly,https://loom.loomofreality.org/#?category=C8C2297FED2AE873B7C3387A09CF2ADB,#CCCC00
fewness of numbers not regarded in teaching the Cause,https://loom.loomofreality.org/#?category=316E9F3A39B1EA9AF16462804C054A9E,#2B3514
fire and light; fire and water,https://loom.loomofreality.org/#?category=7112D8A18D3C4C7BB98681C6DE3D94E0,#7F7E80
firmness in the Covenant,https://loom.loomofreality.org/#?category=1A99E9F886AA4DB89E927820FA635633,#7E1510
forces of light and darkness; integration and disintegration,https://loom.loomofreality.org/#?category=494449F7A4D0EFBD315D4C3846620994,#CC9900
forgiveness; a sin-covering eye; patience and forbearance,https://loom.loomofreality.org/#?category=F28151459776E3BE109C95C138177810,#2B3514
forgiveness; grace; bounty; mercy; compassion of God,https://loom.loomofreality.org/#?category=5CF47B6B008F461986A90EF7E6BF176E,#702C8C
four causes,https://loom.loomofreality.org/#?category=B4B44DC18C4C4966909308D87AC31945,#538135
four elements,https://loom.loomofreality.org/#?category=DBB5EC5C96FE46669738E999DA08B541,#538135
four methods of acquiring knowledge,https://loom.loomofreality.org/#?category=24036FC18E7148F7B77AFAD9C5485720,#2F5496
four pillars,https://loom.loomofreality.org/#?category=F319A9BB1373EFF520FB12E50FEAA26B,#7F7E80
four; five pathways of love,https://loom.loomofreality.org/#?category=552E8D5180B04AAB91BE86621F37CD9B,#538135
free will and predestination; fate,https://loom.loomofreality.org/#?category=61112CABECB646B7A648800B633240E7,#00B0F0
freedom of thought and action,https://loom.loomofreality.org/#?category=3AF5CD058F82471FA2236DF51BDF9F38,#ED7D31
fulfillment of true potential,https://loom.loomofreality.org/#?category=F3B8DE63C198457A85B3CC5F45B32149,#4277B6
future of Haifa; of the Holy Land,https://loom.loomofreality.org/#?category=5AC79BF370C1E403616347F043187025,#CC9900
gambling and games of chance,https://loom.loomofreality.org/#?category=BF0ECD50DBFC42C3A855CE24E0DCAABD,#CCCC00
generosity [kirama],https://loom.loomofreality.org/#?category=531C2217F0C1EC4A8750BEC3A0B284AA,#2B3514
genuine love and affection in teaching the Cause,https://loom.loomofreality.org/#?category=897DD84096DC4E809E4ED2D3637A0FD0,#2B3514
goodly deeds; actions,https://loom.loomofreality.org/#?category=318AF6512E454733BC17A1B298A41946,#2B3514
grammar and orthography,https://loom.loomofreality.org/#?category=462DD0A3384CEC88D53CB4DF6993BEF2,#7F7E80
grammatical and other discrepancies in the Sacred Writings,https://loom.loomofreality.org/#?category=A1F5E22D1649ECA14B265BA4AE195779,#000000
greatness and influence of the Cause; of this Day,https://loom.loomofreality.org/#?category=1026FD55727C4292B730BB0C841E20E7,#CC9900
greed; envy; covetousness; attachment to the world,https://loom.loomofreality.org/#?category=7D483E56354A41E7BBF405202EC78AAE,#CCCC00
growth and progress is gradual and according to capacity,https://loom.loomofreality.org/#?category=E6C0C39827F843698AC33F901392B995,#CC9900
growth of the Cause,https://loom.loomofreality.org/#?category=22EED87D5EEC4CA68E16AB238733762E,#CC9900
happiness; joyfulness; joy and sorrow,https://loom.loomofreality.org/#?category=9896C9E13B524C0CB5F9770FF41B6D26,#4277B6
harmony of science and religion,https://loom.loomofreality.org/#?category=99656E1B1D7344D8930ACA530FDE210B,#2F5496
health and healing; material and spiritual healing,https://loom.loomofreality.org/#?category=FDA358C85EABE1A21EBBED1872E92D55,#00B050
heat and motion,https://loom.loomofreality.org/#?category=50ABBFF644124BF0AD0846FDCB67B56C,#538135
heaven and paradise; heaven and hell,https://loom.loomofreality.org/#?category=9EEB404CCE8EE5B1086AFCD6BB4247E4,#4277B6
heedlessness and ignorance of the people,https://loom.loomofreality.org/#?category=9EC159259B874FABB63915C45183582D,#CC9900
high station of learning,https://loom.loomofreality.org/#?category=25BCE94ADDAF4B1B89551A0B5A85DE9C,#00B050
high station of teachers of the Cause,https://loom.loomofreality.org/#?category=0620D9E3C183E6CF5D3FD17DD58C9ABC,#2B3514
high station of the arts and sciences,https://loom.loomofreality.org/#?category=E8D8CB2AB7034F7DB07173698FD9C979,#00B050
high station of the true believer,https://loom.loomofreality.org/#?category=9A8742BB523FE7870795B9A71B370B0A,#4277B6
higher encompasses the lower,https://loom.loomofreality.org/#?category=42BF27EF1B5543078EA9B3F7DF6B586C,#538135
historical episodes and the lessons of the past,https://loom.loomofreality.org/#?category=EFCE6C7ADF264310AFD8C5A360881252,#D32B1E
holy and most holy outpouring [fayd-i-aqdas and fayd-i-muqaddas],https://loom.loomofreality.org/#?category=B5A1748B3FB14D8EA1B9992E6E0409BF,#702C8C
holy war [jihad]; violence in the name of God,https://loom.loomofreality.org/#?category=C22F29949870425F8FF923F17E47096D,#CCCC00
honesty; truthfulness; trustworthiness,https://loom.loomofreality.org/#?category=EF0FF1BFD66BE7BE40FF7CAA4012DDF3,#2B3514
hospitality,https://loom.loomofreality.org/#?category=02AB9A3E1C13E61D5B0AE0F70778680D,#2B3514
human reality created in the image of God,https://loom.loomofreality.org/#?category=8EEDB198EF554EDAA21873DEC17AF79C,#00B0F0
"human soul as mirror; divine light, attributes within",https://loom.loomofreality.org/#?category=221CD3663B0740D49344F071233D1C5F,#00B0F0
humility; meekness; lowliness,https://loom.loomofreality.org/#?category=F98B57795BFF4F67AF474B13EE107703,#4277B6
humor; jokes,https://loom.loomofreality.org/#?category=8D9F026E4760E4C06FB3125FB37BD27E,#000000
hypocrisy,https://loom.loomofreality.org/#?category=51967056B127E9B5141EB6C5BDB5ECAF,#CCCC00
identity; relationship of Manifestation of God to God,https://loom.loomofreality.org/#?category=00BA6D4E6EF645E480AB0B732786C2BB,#BA1C30
idle fancies; lust and passion,https://loom.loomofreality.org/#?category=0336DB4B36D442E99D8E5873DEB6A033,#CCCC00
idle talk; backbiting; speaking ill of others,https://loom.loomofreality.org/#?category=90B7CCAFB2E14F19A4CF9A3759256B07,#CCCC00
idolatry,https://loom.loomofreality.org/#?category=6342253C2012E68DB1F250FB4CDDD104,#CCCC00
imagery in the Qur'an,https://loom.loomofreality.org/#?category=C327BE1851D4E7A34A2B583BE79B608F,#D32B1E
immateriality; ineffability of soul; spirit,https://loom.loomofreality.org/#?category=E0C43F3240E54029AC674467FFE368F4,#00B0F0
importance of authoritative interpretation,https://loom.loomofreality.org/#?category=1512FD2C8B8042FA84CBA88AE4FD2A7C,#7F7E80
importance of community building,https://loom.loomofreality.org/#?category=D2A37FC072734EADAA2D0F4A2BC2B5B0,#ED7D31
importance of prayer,https://loom.loomofreality.org/#?category=AAA2181CBE0F4BFFAAFD92CC0FCB75B4,#91218C
importance of reading the Sacred Writings,https://loom.loomofreality.org/#?category=DB9913EDE9DAEFE01D3272B608032691,#4277B6
impossibility of true worship of God,https://loom.loomofreality.org/#?category=173632E7BF104AB486EFBB383AF8DEAD,#702C8C
inability of the Manifestation; Prophet to comprehend God,https://loom.loomofreality.org/#?category=B492C6CABFF847E5814269886AE0C4E9,#BA1C30
independent investigation of truth; reality,https://loom.loomofreality.org/#?category=30A42A15DD044876BA9A0BA8D1D60330,#2F5496
infallibility; sinlessness ['ismat],https://loom.loomofreality.org/#?category=46FD5CCF1C43454DB91FC516E5D3B7F7,#BA1C30
infinity and eternity,https://loom.loomofreality.org/#?category=6BB666C0D9224ED7AE3400FC770A3496,#538135
inmost heart [fu'ad],https://loom.loomofreality.org/#?category=6843E7D91F1248EE96FCE5A4E6B06155,#4277B6
innateness; early self-awareness of the Manifestations of God,https://loom.loomofreality.org/#?category=8C7168F542A84B6CB338D26C0D301AC9,#BA1C30
intelligible vs. perceptible realities,https://loom.loomofreality.org/#?category=D2EADC40CD574D5F829C038D7AA42B76,#00B0F0
interconnectedness of the teachings,https://loom.loomofreality.org/#?category=DFD7CEB3B4E44FA3B8BE8B17E353D434,#2F5496
interconnectedness; all things involved in all things; chain of being,https://loom.loomofreality.org/#?category=2FC11A99D6A34DFD93993D59F31450E8,#538135
interpretation of dreams and visions,https://loom.loomofreality.org/#?category=4D23BC811AC9E800B36CF057A7209E03,#7F7E80
interpretation of words and passages in scripture,https://loom.loomofreality.org/#?category=58B72013D935E92718D07A6AB1DCFB78,#7F7E80
intuition; inspiration,https://loom.loomofreality.org/#?category=F9048B210D354CDE8C29D32A2F92E9B1,#4277B6
justice ['adl]; social justice and divine justice,https://loom.loomofreality.org/#?category=1021657B1CF64AAB90EC9FBF7FC73B34,#00B050
justice and mercy,https://loom.loomofreality.org/#?category=BE8FE142DAF5EE1D0C63BB50722C39AF,#00B050
justice and wrath of God,https://loom.loomofreality.org/#?category=9170438CF5C0E2D84968B1DE41C36F0F,#702C8C
kindliness; humility; self-effacement in teaching the Cause,https://loom.loomofreality.org/#?category=F7D359A1DBBF46B08E7168C2272A3D99,#2B3514
kindness to and rights of animals,https://loom.loomofreality.org/#?category=484B9ADCF51B49ABAC2901C126EE1E4E,#2B3514
knowledge of attributes same as knowledge of God,https://loom.loomofreality.org/#?category=7A7BDCD83AE14B19B4D78332D456B1D3,#702C8C
knowledge of self,https://loom.loomofreality.org/#?category=3ED3EB2EFEBF43C9A36134E26FDB38EE,#4277B6
knowledge; recognition of God,https://loom.loomofreality.org/#?category=0DD5324F4D5F4083B4CAA0D5360C7218,#91218C
labor and management; labor relations; profit sharing,https://loom.loomofreality.org/#?category=7494D3CC7B7FE1DCACD73621D5B5AE75,#CC9900
lack of formal education of the Manifestation of God,https://loom.loomofreality.org/#?category=ABCDEC1823254906B8333F43C16877E4,#BA1C30
language and the structure of reality,https://loom.loomofreality.org/#?category=E846CC474C3649F5A86C027F93FA44B2,#7F7E80
law of Huququ'llah,https://loom.loomofreality.org/#?category=D60E2E5B3B2C4B2796B8B06FF4D08157,#ED7D31
law of burial and cremation,https://loom.loomofreality.org/#?category=9D225CE8D12B4E9A839E9EB4935226A2,#ED7D31
law of cause and effect,https://loom.loomofreality.org/#?category=DF7D0EA999F44DBCA4F5C695B3851674,#538135
law of divorce,https://loom.loomofreality.org/#?category=199944841572430A878E76F5DDAC07BD,#ED7D31
law of fasting,https://loom.loomofreality.org/#?category=0C5DDE6CAB1F402695B2717CF1EC0833,#ED7D31
law of inheritance,https://loom.loomofreality.org/#?category=45F19A41FDE542EAA950F0554A7B175A,#ED7D31
law of obligatory prayer,https://loom.loomofreality.org/#?category=B7A38539E06DEF99A0FEFEB648DF4ABB,#ED7D31
law of pilgrimage,https://loom.loomofreality.org/#?category=DEE255C5CCCC4F548E258C3E5E1B450C,#ED7D31
law of repetition; recitation of the Greatest Name,https://loom.loomofreality.org/#?category=E1B9B332AC67E6035B1C4BC3B01EA8BB,#ED7D31
law of transformation and change,https://loom.loomofreality.org/#?category=77FE3431893F4FD6A31E4BC04DA1BEFC,#538135
laws of God; of the Kitab-i-Aqdas,https://loom.loomofreality.org/#?category=752881F17C2B4EE0BDA239B9D6517A45,#ED7D31
laws of marriage and dowry,https://loom.loomofreality.org/#?category=FE310A28E520E13E6B27445A16249BA5,#ED7D31
life and death,https://loom.loomofreality.org/#?category=064A242494DCE29D5CBAA6D792D7670B,#7F7E80
light and darkness,https://loom.loomofreality.org/#?category=8B68A1DE8700E8697ABFF0E02CF7F845,#7F7E80
limits of language,https://loom.loomofreality.org/#?category=D52576587DA0EB888F569679044D948D,#7F7E80
limits of the intellect,https://loom.loomofreality.org/#?category=048D1BC9980545A2BF50BCE956D33C2C,#00B0F0
lists; enumerations of Baha'i principles,https://loom.loomofreality.org/#?category=10F20171888446BAB9501BF1262D49C7,#00B050
literal interpretation,https://loom.loomofreality.org/#?category=87CAE620F6194480B20F2C8B053A5841,#7F7E80
literature; drama; humanities; the arts,https://loom.loomofreality.org/#?category=B596151C89A441D493D3B839D8579C43,#00B050
living waters; water of life,https://loom.loomofreality.org/#?category=AC6D3AECF43E478BB1E3EC19DB04E992,#4277B6
love and unity,https://loom.loomofreality.org/#?category=79CCBA0D8726E9D920DC566B92556700,#2B3514
love as fire,https://loom.loomofreality.org/#?category=9C38FD1F89964E0D9E88ADF23045DB9D,#91218C
love as fundamental; spiritual foundations of religion,https://loom.loomofreality.org/#?category=C7824F7FB65A4B75A74AC15AFD08EC5C,#7E1510
love of God,https://loom.loomofreality.org/#?category=410D6617D11A4266BA52B4B00A48D649,#91218C
"love, unity, and fellowship among the friends; in the Cause",https://loom.loomofreality.org/#?category=B002D95B61D1427697DF9636DF3B6E0A,#00B050
loving community spirit in teaching the Cause,https://loom.loomofreality.org/#?category=F7AA5CD08D094314848E6B2A95A5DFF4,#2B3514
loving one's enemies; returning hatred with love,https://loom.loomofreality.org/#?category=4D614A134412E9DA43B77542E47091BD,#2B3514
lying and deceit,https://loom.loomofreality.org/#?category=9BC3001DE5AA410BA0865211BE374327,#CCCC00
maintainance of degrees in society,https://loom.loomofreality.org/#?category=DDA2B50C1774485DAFFBA307BEC98470,#00B050
man is the sum; pinnacle; fruit of creation,https://loom.loomofreality.org/#?category=DBA5068DF2C24AE6A61E7337FF0B529D,#538135
man's distinction from the animal,https://loom.loomofreality.org/#?category=02605DD1AB7442E19B540C97BE1DD0DB,#538135
many are called but few are chosen,https://loom.loomofreality.org/#?category=1AD5A5F58C9D4D80A982ED7AA5435D7E,#91218C
marriage as means of spiritual progress,https://loom.loomofreality.org/#?category=6615BDF38C0B46B9960CFA282715258D,#00B050
martyrdom of the Bab,https://loom.loomofreality.org/#?category=00C41080E8DDED8D3092DBDA9483EDF1,#FFC000
martyrs and martyrdom,https://loom.loomofreality.org/#?category=A7271C05C12E4A3180E1E00F1DEBF977,#000000
material and spiritual existence; two books,https://loom.loomofreality.org/#?category=20396F06B6514E5EAF60E9440C8F2B5B,#538135
material world a reflection of the spiritual,https://loom.loomofreality.org/#?category=2863570D944B4AFB91F6F5A9413971B7,#538135
materialism; material vs. spiritual civilization,https://loom.loomofreality.org/#?category=C32DCE1484C6E34B581C0D0C738B7E27,#CC9900
matter; essence; substance and form,https://loom.loomofreality.org/#?category=A8FA3FC94D38433295A413FBDA06FC3D,#538135
meaning; importance of dreams and visions,https://loom.loomofreality.org/#?category=3F5DFEF17B6E4935A76DA6520A5504AE,#7F7E80
meanings of letters and numbers; jafr (gematria),https://loom.loomofreality.org/#?category=03732171C89EE6423D686FB6C1E39F42,#7F7E80
means of establishment of future civilization,https://loom.loomofreality.org/#?category=22163AE55B8C4896A94CFA8EC0CB10C3,#CC9900
meditation,https://loom.loomofreality.org/#?category=19BF26DB7B3FE2CF0ECEEB58485A8C6D,#4277B6
metallurgical metaphors,https://loom.loomofreality.org/#?category=24DDFF54E54FEFEC3C845D83F3A3E0E8,#7F7E80
methods of teaching the Cause,https://loom.loomofreality.org/#?category=369DAA81C51F4587B8F070614833A216,#2B3514
microcosm and macrocosm ['alam-i-akbar and 'alam-i-asghar],https://loom.loomofreality.org/#?category=EA626E1123AE4CA9BDB62193BD55DE62,#538135
mind as intermediary between soul and body,https://loom.loomofreality.org/#?category=3E5D97C507CBE9BC48712BC3E937BE35,#00B0F0
mind as principle emanation; activity of the human spirit,https://loom.loomofreality.org/#?category=F97B3874575041F7B031336C8EEF15B5,#00B0F0
mindfulness; concentration; focus,https://loom.loomofreality.org/#?category=6D2F37920646424E8CC0A9ECB49AC676,#4277B6
miracles and their interpretation,https://loom.loomofreality.org/#?category=3E78A8B4557E4886A5D3BC8F84BFB09E,#7F7E80
mission of the Manifestation of God in the world,https://loom.loomofreality.org/#?category=25E17ABCAE6B4195844602A0178DB4E5,#7E1510
moderation; frugality; simplicity,https://loom.loomofreality.org/#?category=02B4E611F3EC4C52AD11023CE5588FA7,#4277B6
modes; manner; speed; size of divine revelation,https://loom.loomofreality.org/#?category=5B93ADAC08EC4BAABE2190E8FEC71C01,#000000
monasticism; asceticism,https://loom.loomofreality.org/#?category=70B67FBB46F446D9835324D644050094,#CCCC00
multiple meanings; interpretations in scripture,https://loom.loomofreality.org/#?category=BB987894E7264233BA0C0C5DAB4D3C5F,#7F7E80
murder; causing physical harm,https://loom.loomofreality.org/#?category=FB433C213FDF4FE7AD1CECE5C661D18D,#CCCC00
music and singing,https://loom.loomofreality.org/#?category=4027C84B01D8438E9C7D92535DF6BAB7,#00B050
mysteries and their discovery; the mystical vision,https://loom.loomofreality.org/#?category=112D55EA871649C98F620B987B18D623,#4277B6
mystery of the great reversal,https://loom.loomofreality.org/#?category=370C070CD04CE2B909AA07135BAE9BC3,#7F7E80
mystical themes,https://loom.loomofreality.org/#?category=6259D6333FC7EE132D6AD0D77800E8FC,#4277B6
names and attributes of God,https://loom.loomofreality.org/#?category=9AB88215A3AC410692D350AE3BEB3A54,#702C8C
naming of children; of individuals,https://loom.loomofreality.org/#?category=B71D6E7CFCC8E05A303BFE9F83981E31,#000000
nationalism; love of country,https://loom.loomofreality.org/#?category=E5EFFF9275424573B014771437ACCE2C,#CC9900
nature and God's will,https://loom.loomofreality.org/#?category=879087898C9746AA88A2BE11CA9F1331,#538135
nearness and remoteness,https://loom.loomofreality.org/#?category=DBB0490F3653EEB9948DF8F6B543DC7C,#7F7E80
nearness to God,https://loom.loomofreality.org/#?category=618F635CCD66E2DF15781AE191ACE8AE,#91218C
necessary and possible being,https://loom.loomofreality.org/#?category=78550822F6B44C78B39854DB6CA87FAF,#538135
need for an educator,https://loom.loomofreality.org/#?category=A9FB0DFA63874B4E9177CA70ED30CFEA,#538135
need for cooperation; solitary existence not possible,https://loom.loomofreality.org/#?category=B5CA8DC45DCC48AABFC267FC9214C6E2,#538135
newspapers and the media; publications,https://loom.loomofreality.org/#?category=2D71B43F6FD6403083AC1BCB025C195E,#00B050
non-participation in politics,https://loom.loomofreality.org/#?category=46995D011114EF274DD2927A84E31B16,#00B050
nonexistence of evil; relativity of good and evil,https://loom.loomofreality.org/#?category=1D75B1F61DB2465E983CD5EC6C16C77A,#2F5496
obedience to and respect for government authority,https://loom.loomofreality.org/#?category=F9C86676F30D4FBC8FA75C7F25536147,#CC9900
obedience to; authority of the Manifestations of God,https://loom.loomofreality.org/#?category=10C0903A3A7048C193248AAA8629D4D4,#BA1C30
occult sciences; psychic phenomena,https://loom.loomofreality.org/#?category=666ED6B326A8EDED8D4E3FF383F97184,#CCCC00
one universal law; attractive power of love,https://loom.loomofreality.org/#?category=D190D773F56F4F3CBA7AD064E2098780,#538135
oneness or innumerability of the Manifestations of God,https://loom.loomofreality.org/#?category=D94FA897F92748119D02B1738E91BD1C,#BA1C30
oneness; unity of religion,https://loom.loomofreality.org/#?category=5F1349F0A072481181E9D852C41EC6BD,#7E1510
order; organization; tact; deliberation [tadbir],https://loom.loomofreality.org/#?category=4925B84D51C04E3DB0D1AB40021DA116,#4277B6
origin of the soul; the soul as emanation,https://loom.loomofreality.org/#?category=9A628005EF1D41DBB6DECA0975FD85FD,#00B0F0
original sin,https://loom.loomofreality.org/#?category=3B82BF1535D8E057003BB1BA09CF4C23,#CCCC00
outward and inward meanings,https://loom.loomofreality.org/#?category=3568B942A8FE439CBD3238E92AE8D80E,#7F7E80
pain of love; love as veil,https://loom.loomofreality.org/#?category=A230B24E88D943A79A527E42B4172FE0,#91218C
pairs in creation; male and female; B and E; agent and patient,https://loom.loomofreality.org/#?category=7DFA549A017149A38B04AB7D3DAF87FC,#538135
pantheism,https://loom.loomofreality.org/#?category=EDC6DF43384BE2AA8442091F0CC6BE13,#CCCC00
parents and children; youth; families,https://loom.loomofreality.org/#?category=45752F5987764F209FE2DC935C9B797C,#00B050
parliaments; constitutional government,https://loom.loomofreality.org/#?category=E044C256CB5C4D72999B0C5C614438D8,#CC9900
passage of elementary matter through degrees of existence,https://loom.loomofreality.org/#?category=34D3884EDFE04E158B8879D2E51BA67A,#538135
"past, present and future of Iran",https://loom.loomofreality.org/#?category=4B7D2672283AE883B6CC489FBC7D4E7A,#CC9900
perfection; imperfection of nature,https://loom.loomofreality.org/#?category=C6BB86F3DB8D4B58AF903A5ABB8B052F,#538135
permission for visit; pilgrimage,https://loom.loomofreality.org/#?category=71CA0BAD93CAE678CC1BA773DF8A5EC8,#000000
personal instructions,https://loom.loomofreality.org/#?category=D639D12CD679E3ED02A0F7A8D7835DB2,#000000
petitions to authorities,https://loom.loomofreality.org/#?category=92FAB05B93EAEA7C6C668DD0C91ADFB1,#000000
photographs and recordings,https://loom.loomofreality.org/#?category=79B6F204399AE4F22739206947ECBC2A,#00B050
physical limitations of the Manifestation of God,https://loom.loomofreality.org/#?category=12119CC76EF849FF97AEEF4858C87628,#BA1C30
piety; righteousness; fear of God [taqwa],https://loom.loomofreality.org/#?category=E5E0436334E8467AA2757EF389C2161A,#91218C
pilgrimage [Hajj] in Islam,https://loom.loomofreality.org/#?category=BC1DA81F657CE31747E11326EF6838A7,#D32B1E
pioneering; travel teaching,https://loom.loomofreality.org/#?category=41B13322CE5A471693055025FB15BA97,#2B3514
plenitude; the pervasiveness of life in the cosmos,https://loom.loomofreality.org/#?category=C400E4C4C1B54C2BA5A393FC9A9A2CC0,#538135
poems and quotation from poetry,https://loom.loomofreality.org/#?category=F91840AE122AEC232D80E33023EC88DF,#000000
power and sovereignty of God; omnipotence of God,https://loom.loomofreality.org/#?category=B4480B0CDB52EF0534E437134978DC1E,#702C8C
power of faith; power of the spirit,https://loom.loomofreality.org/#?category=F91D7DB188F74200962A9A9F8446281D,#4277B6
power of imagination; thought; right intention,https://loom.loomofreality.org/#?category=1AC9EC501387E272EE69865BCB498963,#4277B6
power of love,https://loom.loomofreality.org/#?category=D64346EB795847B3817AB6A1A38C8ED9,#4277B6
power of prayer,https://loom.loomofreality.org/#?category=374926D1B4A0440A807608CC09170687,#91218C
power of the Manifestation of God,https://loom.loomofreality.org/#?category=0E46A9D425ED4F89AB54563B472E6EF6,#BA1C30
power of the mind over nature,https://loom.loomofreality.org/#?category=9239D6E43FFEECDA3B3AC738EC10194E,#00B0F0
power; greatness; centrality of the Covenant,https://loom.loomofreality.org/#?category=628D2EB989914C2DBBDDFEB888CA31CA,#7E1510
power; influence of a single soul in teaching the Cause,https://loom.loomofreality.org/#?category=0932600F9AFF44C2B17210548E889F44,#2B3514
praise and encouragement,https://loom.loomofreality.org/#?category=A61D5813EBB7E2C5981ECFA84987639B,#000000
praise of Eastern values; culture,https://loom.loomofreality.org/#?category=AECD255E0A17E60EF9B3EAFAE4522D5C,#CC9900
praise of Western values; culture,https://loom.loomofreality.org/#?category=0948136C6D64E09F1F3FE2F80C9585D3,#CC9900
prayer for assistance; intercession,https://loom.loomofreality.org/#?category=FA7F518560E2EA0BDBF743A1577F0DDB,#91218C
prayer for children and youth,https://loom.loomofreality.org/#?category=6193A5AE5579E4039E4D0589AE21DACA,#91218C
prayer for detachment,https://loom.loomofreality.org/#?category=52F3B40CB9B8EA39DE0F1D7A99B41677,#91218C
prayer for evening; night,https://loom.loomofreality.org/#?category=E595DD9F357AECF340185AD122E7AB99,#91218C
prayer for fasting,https://loom.loomofreality.org/#?category=1B02DA4EAB17EE61A864DE2EB70F4D52,#91218C
prayer for firmness in the Covenant,https://loom.loomofreality.org/#?category=C988A6875D85E5BE715D95DDF7075DB4,#91218C
prayer for forgiveness,https://loom.loomofreality.org/#?category=0137285CF3DEE3ABF3193E5E857AE7DB,#91218C
prayer for gatherings; meetings; assemblies,https://loom.loomofreality.org/#?category=4F7E7C7A3965E2CD5F3E4D4F82C1F9A7,#91218C
prayer for governments and rulers,https://loom.loomofreality.org/#?category=30C2D59E16E1E7182E7735000387E1F7,#91218C
prayer for healing,https://loom.loomofreality.org/#?category=D0935698C4CEEBA12E206FCBCA340547,#91218C
prayer for married couples,https://loom.loomofreality.org/#?category=7CD9F612D69EEFF922C3F271E2BA1D72,#91218C
prayer for martyrs,https://loom.loomofreality.org/#?category=F353B58A110DE0D7DCBD2457A3797197,#91218C
prayer for morning,https://loom.loomofreality.org/#?category=39A6111CF5A6EBBD996B089FFCD3EB9C,#91218C
prayer for nearness to God,https://loom.loomofreality.org/#?category=C22A37A43832E506617EB2F4434E855F,#91218C
prayer for opponents; enemies of the Faith,https://loom.loomofreality.org/#?category=406F202A72F6E8F14E1C2FC471A82F70,#91218C
prayer for parents,https://loom.loomofreality.org/#?category=A67CE51FE17BE08F286E8F8342D4C327,#91218C
prayer for peace and unity,https://loom.loomofreality.org/#?category=7D9F01BD2688EBCE4F9DF73ACFC6D66C,#91218C
prayer for pilgrims,https://loom.loomofreality.org/#?category=18CFB0820CB9EDDECA02DE0F382EE721,#91218C
prayer for pioneers and travel teachers,https://loom.loomofreality.org/#?category=84FA7180FA61EE9BC41E9406386C89E8,#91218C
prayer for praise and gratitude,https://loom.loomofreality.org/#?category=A507E7D3A781E22F35AB894700017D84,#91218C
prayer for prosperity,https://loom.loomofreality.org/#?category=F4149E168A75E0609E7D38FC1193D523,#91218C
prayer for protection,https://loom.loomofreality.org/#?category=3B0211B4DCD4EA86BB1FC4BB6ADCD7C3,#91218C
prayer for purity; chastity,https://loom.loomofreality.org/#?category=BDF8B75365C1E9D95EAB6706CE6373DF,#91218C
prayer for sacrifice,https://loom.loomofreality.org/#?category=5AE6D14C9140E489E748811532B8AAE1,#91218C
prayer for service,https://loom.loomofreality.org/#?category=62A8DB017E8EEB11B3A3991393795E72,#91218C
prayer for specific individuals; groups,https://loom.loomofreality.org/#?category=26E85C22B274E5695DA94BA1A3A0A343,#91218C
prayer for spiritual recognition,https://loom.loomofreality.org/#?category=CF9408FBB1DDEA91EBA67EA2F1C015D8,#91218C
prayer for steadfastness; obedience,https://loom.loomofreality.org/#?category=7A2DA22B0196E4813CDC85DB1C970313,#91218C
prayer for strength,https://loom.loomofreality.org/#?category=3FE1E7AD528FE2A75CD3483C385076C4,#91218C
prayer for teaching,https://loom.loomofreality.org/#?category=7F0EB703B6D6E3DF376EE1FB68894FF6,#91218C
prayer for tests and difficulties,https://loom.loomofreality.org/#?category=5065428F8D47E024C04F5AB4E31112CA,#91218C
prayer for the Babis; people of the Bayan,https://loom.loomofreality.org/#?category=C3C780B59A3CE6204AC35349FEC37394,#91218C
prayer for the departed,https://loom.loomofreality.org/#?category=6F48F0918CDBEBB76DD545292C255B68,#91218C
prayer for the spiritual progress of others,https://loom.loomofreality.org/#?category=AB07CB83562E4E8FB296FD5FA74B7DB3,#91218C
prayer for unity,https://loom.loomofreality.org/#?category=305409983B8AE48709C636EE4005F04A,#91218C
prayer for victory and requital; triumph of the Cause,https://loom.loomofreality.org/#?category=ED6C3071A4A0E93BF1941116B45ED745,#91218C
prayer for women,https://loom.loomofreality.org/#?category=FE19F5905B90E62AF750E4476660CAEC,#91218C
prayer to be recited at table,https://loom.loomofreality.org/#?category=F58FC1908933E457851D1AF37E09301E,#91218C
prayers (general or uncategorized),https://loom.loomofreality.org/#?category=738F8F7E4890E6B818B5ACE3C3036604,#91218C
predictions and prophecies,https://loom.loomofreality.org/#?category=FF9A4A182AA5EB45D01627817D176E5E,#000000
preexistence of the Manifestation of God,https://loom.loomofreality.org/#?category=AAC65ADBDE024CAFA9F155EDDCCA0C1F,#BA1C30
prejudice; racial prejudice; class distinction,https://loom.loomofreality.org/#?category=9D6982B984B945D3A13E98CA9FB0FE57,#CCCC00
presence [liqa'] of Manifestation of God is presence of God,https://loom.loomofreality.org/#?category=82D2161C8BB4E087647B84F29B41D6D3,#BA1C30
presence of; reunion with God,https://loom.loomofreality.org/#?category=BB202C3CE69D47D19B5138D2E2FFE802,#91218C
present and future calamities; war; universal convulsion,https://loom.loomofreality.org/#?category=8CDDA7D99E83E1421D3C3542A49272FA,#CC9900
present and future expansion of arts and sciences; of technology,https://loom.loomofreality.org/#?category=BB8A8971F2EF480B9179519B95690878,#CC9900
preservation; transcription of the Sacred Writings,https://loom.loomofreality.org/#?category=9A79D4C03ECA48FB9544B12169798732,#000000
pride; vanity; laying claim to inner knowledge,https://loom.loomofreality.org/#?category=432DEC8FB4F94515B86F2E5396D09FB4,#CCCC00
priestcraft,https://loom.loomofreality.org/#?category=4D5490992BA8448D9D69A7F746351B89,#CCCC00
primordial Covenant; the day of alast,https://loom.loomofreality.org/#?category=32700D0B9FBB474CA2DF2E334114BC5B,#7E1510
principle of balance; moderation; equilibrium,https://loom.loomofreality.org/#?category=CD9C3EBD7DB44EFF9DDFF8598C7369FF,#538135
principles of the Faith adopted democratically; not imposed,https://loom.loomofreality.org/#?category=A166913AB8014C26ABA2279F5D0A710F,#CC9900
priority over other activities in teaching the Cause,https://loom.loomofreality.org/#?category=5D0661E7A082478AAC52AD8BC761FD50,#2B3514
procession; appearance of the Word from God,https://loom.loomofreality.org/#?category=191AFB3E5AAB4E3BB80BBCC24D349113,#CC0099
proclamation of the Cause (general or uncategorized),https://loom.loomofreality.org/#?category=3CD1B6C1EA79E50DBEE4211DC6F9A186,#000000
proclamation to Christians,https://loom.loomofreality.org/#?category=FBC0677BCD52E3EDFAD2C9B0B4645D86,#000000
proclamation to Jews,https://loom.loomofreality.org/#?category=39B470D27D3AE7BE36C2A15CB15E5476,#000000
proclamation to Muslims,https://loom.loomofreality.org/#?category=F32AE3C8F2A5ED7A0BC0D546E923B492,#000000
proclamation to divines; to religious leaders,https://loom.loomofreality.org/#?category=AE4F63731543ED0CE9AA73EB1E73B3FF,#000000
proclamation to kings; rulers; prominent individuals,https://loom.loomofreality.org/#?category=6206D325290FE8E7EC332EBD6D88A238,#000000
proclamation to people of the Bayan,https://loom.loomofreality.org/#?category=E24FE7CCD7B1E27FD3CD60548C20CE2D,#000000
proclamation to the people of the world,https://loom.loomofreality.org/#?category=F9036AE7751AE9E7820A58D34211FEFC,#000000
progress and the continual ascent of material civilization,https://loom.loomofreality.org/#?category=15E8B3AB36AF495684116E6C5150950A,#CC9900
progress only takes place within its own degree,https://loom.loomofreality.org/#?category=9155EB028D2B4FB3BD41D535FAA264A2,#538135
progressive revelation; renewal of religion,https://loom.loomofreality.org/#?category=A868B8CCFDF44B2890211A0FAFE9F2B9,#7E1510
promotion of commerce and industry,https://loom.loomofreality.org/#?category=B8AD755DDAEBE3A45D40D6E7D974637B,#CC9900
proofs for the existence of God,https://loom.loomofreality.org/#?category=41DF1CE89518406AB97E142EE368CE54,#702C8C
proofs for the existence; immortality of the soul,https://loom.loomofreality.org/#?category=9776E3373AB6EADEF00584AE6CE4505D,#00B0F0
proofs of the Manifestations of God,https://loom.loomofreality.org/#?category=55581A433C3D45CEB183D21F214B5DB3,#BA1C30
prophecy and fulfillment,https://loom.loomofreality.org/#?category=A72CD9234D5E4386A7C153F8E08CF797,#000000
pure intentions in teaching the Cause,https://loom.loomofreality.org/#?category=93D1005763EE41F7B571D3F007DF5704,#2B3514
purity of heart; sincerity of intention; sanctity,https://loom.loomofreality.org/#?category=98B67B70516949FD856C36A52AE23098,#4277B6
purpose of religion in the world (personal and social),https://loom.loomofreality.org/#?category=29AF567C76864D208EA3BD39BC5CC7CF,#7E1510
purpose; goal of creation,https://loom.loomofreality.org/#?category=857627CDE8FBEF82708BB212CB362A7F,#538135
quotation from or interpretation of the Bible,https://loom.loomofreality.org/#?category=1EBA961BF35048008A08B489196F1A6E,#D32B1E
race unity; racial issues,https://loom.loomofreality.org/#?category=97E01B3F4DF6EC02175D948C7567769E,#00B050
radiant countenance; bearing the divine fragrance,https://loom.loomofreality.org/#?category=5F501A1D6AA54C2E8306ED06B66657A5,#2B3514
rational arguments,https://loom.loomofreality.org/#?category=12FD56FFF2C74384AF52D04E7CEE255F,#4277B6
realm of similitudes ['alam-i-mithal],https://loom.loomofreality.org/#?category=4B07E7C749314DBEB8C4158C26A02453,#00B0F0
realms of being; three realms; five realms,https://loom.loomofreality.org/#?category=53907D2638954598879977C301F16196,#538135
rebellion and misdeeds of Mirza Yahya; the Azalis,https://loom.loomofreality.org/#?category=161EB5A0748AED25642FA886964B6304,#FFC000
rebellion and sedition; disobedience,https://loom.loomofreality.org/#?category=6DBDC002A7C1430CA4C3526C86651659,#CCCC00
recompense; reward for belief; right action,https://loom.loomofreality.org/#?category=70243FE151214450B3A87930FD5DF192,#4277B6
regarding the receptivity of the hearer in teaching the Cause,https://loom.loomofreality.org/#?category=E4AA65F7BC3348DEAA1A405FBF359592,#2B3514
reincarnation,https://loom.loomofreality.org/#?category=B22DAF556BE4E92527A7407F3DDC5630,#CCCC00
rejection by the people of the Bayan,https://loom.loomofreality.org/#?category=1219A74FADB7E7059B143DAF131CB386,#FFC000
rejection of Muhammad,https://loom.loomofreality.org/#?category=78EEE69EFBD4EAB9E0EF7A643386FA7E,#D32B1E
"rejection, opposition and persecution",https://loom.loomofreality.org/#?category=E3503B9BB6424884B3157B754204073E,#000000
relationship between government and people,https://loom.loomofreality.org/#?category=8DB0F6A838C1E54167E1BBF27836246B,#CC9900
relationship of the soul to the body,https://loom.loomofreality.org/#?category=52B1C3F2B9574C37BAF0ECCC8D5AB8C1,#00B0F0
relativity and complementary truths,https://loom.loomofreality.org/#?category=4D8130F061AE4BE9B77AA065ABD01E64,#2F5496
relativity of religious truth,https://loom.loomofreality.org/#?category=FF9BE206BB4D4228B5B3EB5F00D5E670,#2F5496
religion as basis of morality; of divine civilization,https://loom.loomofreality.org/#?category=4F32835BDB1F4C02956E92DB1AE38C5F,#7E1510
religion as reality; definitions of religion,https://loom.loomofreality.org/#?category=9D3C0575BFA942CA95AB98EA453F1294,#7E1510
religion as source of love and unity,https://loom.loomofreality.org/#?category=FFC8B795919D48FD82F6DD702B6A4A3E,#7E1510
religious rituals minimized or eliminated,https://loom.loomofreality.org/#?category=18E039299C01E45D0C6F1E640C94B63F,#CCCC00
resurrection of Christ,https://loom.loomofreality.org/#?category=46F9949EEF0B4004B93D712D5C0A4366,#D32B1E
return of Christ; second coming of Christ,https://loom.loomofreality.org/#?category=116AC160B794E2A177E06FB91E766778,#D32B1E
return of the Manifestations of God,https://loom.loomofreality.org/#?category=4723FB63AE3C460CB0D434538890EED6,#BA1C30
review of publications,https://loom.loomofreality.org/#?category=B362A06F749D49B8A9B4080391A83C2E,#ED7D31
reward and punishment,https://loom.loomofreality.org/#?category=FF5256DAFAB846958221CF1F4616DFCA,#CC9900
rights of the eldest son; primogeniture,https://loom.loomofreality.org/#?category=DDEEC1B26F36E7A24978B407110501F7,#00B050
ringstone symbol,https://loom.loomofreality.org/#?category=D4AC8AC892DBEE1800F948B10F205B56,#7F7E80
role and station of women,https://loom.loomofreality.org/#?category=95E0DCD23ED9E61EE2BC99ECDBC8D8C0,#00B050
role of the Covenant in preserving unity,https://loom.loomofreality.org/#?category=E521EAE548DE4A4B9E087A00963908D0,#7E1510
sacred remains; burial of the Bab,https://loom.loomofreality.org/#?category=51F55B9A3EECE5C74C07866CC5F2D02D,#FFC000
sacrifice of self; mystery of sacrifice,https://loom.loomofreality.org/#?category=2BEF6248EF094C6E9F1AE87D842D03E0,#4277B6
sacrifice of the Manifestation of God redeems the world,https://loom.loomofreality.org/#?category=4B803FE7ECD54DB8A0941F918BB42943,#BA1C30
saddening another soul,https://loom.loomofreality.org/#?category=F8C2BCC87103ECC20416229ED5DCB87C,#CCCC00
scarcity of receptive souls,https://loom.loomofreality.org/#?category=52916DEE454DE059DE9ED16FAC28EFA1,#2B3514
second birth,https://loom.loomofreality.org/#?category=E8C84F900ED34DA98391B4A8593684E1,#4277B6
secret societies,https://loom.loomofreality.org/#?category=0205C34A1561E7B0B0C576B17640B5A9,#CCCC00
self-concealment of the Manifestation of God,https://loom.loomofreality.org/#?category=E8BF9EC5D142EF326540C7ED4200001D,#BA1C30
self-description of God; God's self-remembrance,https://loom.loomofreality.org/#?category=04F924E0CC51EDF12DBB02871348AD74,#702C8C
self-improvement; self-perfection; discipline,https://loom.loomofreality.org/#?category=3B33E14F5074E73B319D8CE6A17DDFAC,#4277B6
selfishness; self-love; egotism; self-indulgence,https://loom.loomofreality.org/#?category=9C1D65E1D0354A79817EF2304DA940E8,#CCCC00
service to others; to the Cause of God,https://loom.loomofreality.org/#?category=75315FCCBA5D4B54A22808A1159B1775,#2B3514
serving humanity; working for progress; betterment of the world,https://loom.loomofreality.org/#?category=5A637BBBB913426BA5FEBBC58E0A6BF2,#2B3514
"serving humanity; working for progress, betterment of the world",https://loom.loomofreality.org/#?category=5A637BBBB913426BA5FEBBC58E0A6BF2,#2B3514
servitude; submission to God; repentance,https://loom.loomofreality.org/#?category=AEF71C54D9B047EB8B92DBF1831755FA,#91218C
seven stages of creation,https://loom.loomofreality.org/#?category=3FF051A223694384AA2AA4EDE96BC144,#538135
silence; fewness of words,https://loom.loomofreality.org/#?category=B06717AAA123E08900D241D1781A5E55,#2B3514
slavery,https://loom.loomofreality.org/#?category=5270E6EC14D143038B715776C1D3521E,#CCCC00
smoking,https://loom.loomofreality.org/#?category=3D34A773F3074B92A5DBA1CCBC9DAE75,#CCCC00
soul is the essential reality of man,https://loom.loomofreality.org/#?category=4D9D74C90C8344208B1361977A8FC544,#00B0F0
soul; spirit after death,https://loom.loomofreality.org/#?category=79CD788B08C5E8B37070B3DD452FB313,#00B0F0
special knowledge of the Manifestation of God,https://loom.loomofreality.org/#?category=E500F3DB980EEA00468CEB52774C33B7,#BA1C30
spirit and form in the administration,https://loom.loomofreality.org/#?category=DCE69779238D4AA9B45463FD5A3BCEF7,#ED7D31
spirit of faith [ruh-i-'iman],https://loom.loomofreality.org/#?category=1AA38915869D4AD5856F5B367531CA0E,#4277B6
spiritual assemblies; administrative matters,https://loom.loomofreality.org/#?category=6DE6DED75D254D59BFF16E8CEE21F305,#ED7D31
spiritual baptism,https://loom.loomofreality.org/#?category=B3EA44B110164A69A3BD4B928633F1E3,#4277B6
spiritual communication; connections of the heart,https://loom.loomofreality.org/#?category=63ABB434FE01EB0C75DABE2680B7A71E,#2B3514
spiritual emotions and susceptibilities,https://loom.loomofreality.org/#?category=14C5477A6EE041A3B19DAD048E3FBB5B,#7F7E80
spiritual foundations of true knowledge,https://loom.loomofreality.org/#?category=294776C0D86D489387DACD94A9927CEB,#4277B6
spiritual meetings; gatherings; devotional gatherings; feasts,https://loom.loomofreality.org/#?category=53AFF53F02514681A22F4E2FAB467483,#ED7D31
spiritual prerequisites of teaching the Cause,https://loom.loomofreality.org/#?category=8AC80D4CBCF3EC2FB87444DBA8BEBD67,#2B3514
spiritual springtime,https://loom.loomofreality.org/#?category=1CCF69C3D48F493F8D2F9C43A2A04CD4,#CC9900
spiritual transformation,https://loom.loomofreality.org/#?category=C068EBF06ABC4693BF6C2868E2385C69,#4277B6
spiritualization of humanity in the future; a new race of men,https://loom.loomofreality.org/#?category=7FD4EDEC44AD46EFB11981D4CAC32114,#CC9900
station of the Manifestation of God,https://loom.loomofreality.org/#?category=703AB631CB76E66408E7D6F7160F01F5,#BA1C30
station; mission; authority of Abdu'l-Baha,https://loom.loomofreality.org/#?category=4D2AFD7905384761BB166DCD6782B315,#FFC000
status of kings; future of monarchy,https://loom.loomofreality.org/#?category=2CA524B216BC4EB4BA63A2832033F918,#CC9900
status of material wealth; wealth and poverty,https://loom.loomofreality.org/#?category=C265864F8406449F9A2770021D2BBB3C,#00B050
steadfastness; perseverance; faithfulness,https://loom.loomofreality.org/#?category=D3D5A6BA921F4EFD915F7B12D2779668,#91218C
stories; anecdotes,https://loom.loomofreality.org/#?category=7A8DB05467DBEF2954FD9B30F84AA0E8,#000000
study; deepening,https://loom.loomofreality.org/#?category=FAA956A41DDB45EEBE390F1FD8D20C55,#4277B6
suffering and imprisonment,https://loom.loomofreality.org/#?category=370AC40D2874E1246B99EB8122E23C9A,#000000
suffering; rejection of Christ,https://loom.loomofreality.org/#?category=B2340566123BECE11972A4501C75B8C1,#D32B1E
suicide,https://loom.loomofreality.org/#?category=9FA2AFFA723749029F6D6AF04C6D117A,#CCCC00
superiority; incomparability of the Word of God,https://loom.loomofreality.org/#?category=CFB58B5793CB4B10BCCDDE3EC1B51C19,#CC0099
superstition,https://loom.loomofreality.org/#?category=D620FD6DAD8CE0263CC82E624719AE3D,#CCCC00
supreme tribunal,https://loom.loomofreality.org/#?category=A34C2D89A870E552CC295C80AFFD6794,#CC9900
symbolism,https://loom.loomofreality.org/#?category=BF2B7E937407E648DD80C2528263A450,#7F7E80
symbolism of color and light,https://loom.loomofreality.org/#?category=5DF1FBB2026CE6E1050C257923FD3853,#7F7E80
teaching one's self first in teaching the Cause,https://loom.loomofreality.org/#?category=61B15DDE5810E15045F8152D76DE89FD,#2B3514
teaching the Cause; call to teach,https://loom.loomofreality.org/#?category=48991B831FEB414988B143D181EB0DEF,#2B3514
teachings as spirit of the age,https://loom.loomofreality.org/#?category=342F898B5918E013D0EFAF5D187CAC22,#CC9900
teleology; goal-directed motion,https://loom.loomofreality.org/#?category=3B0B2077A5A44699B8F756D6A1F5CC7D,#538135
testing God,https://loom.loomofreality.org/#?category=68DBD6552521E579B6ED5287D91C6F54,#CCCC00
tests and trials; sacrifice and suffering,https://loom.loomofreality.org/#?category=CC093CE37A394C1F81BEAF67251D3FC4,#91218C
thankfulness; gratitude,https://loom.loomofreality.org/#?category=BD4052A3136042C4B86176AB2F552C55,#91218C
the Adamic cycle and the Baha'i cycle,https://loom.loomofreality.org/#?category=22A64E95F7C0475F838AD67011654D49,#CC9900
the Bab; the Primal Point; station and claims of the Bab,https://loom.loomofreality.org/#?category=3633354029CFE10F551F7CA219518DAC,#FFC000
"the Bayan, its laws and their abrogation",https://loom.loomofreality.org/#?category=0C9ECE2BFDC3E344AC68F7EF3A7101F5,#FFC000
the Christian clergy,https://loom.loomofreality.org/#?category=03AC86CF18154B14AB43126BC79D41F8,#D32B1E
the Imamate; the Caliphate,https://loom.loomofreality.org/#?category=A545543411D4E74FDD22583EED5DCD87,#D32B1E
the Kingdom of God [Malakut],https://loom.loomofreality.org/#?category=FAF773D669C84BC49FB837C8DC094417,#4277B6
the Lesser Peace and the Most Great Peace,https://loom.loomofreality.org/#?category=A462380470A140999D0AD4E11BEF52BE,#CC9900
the Twelfth Imam; the Qa'im,https://loom.loomofreality.org/#?category=6BA5086EF7E2E1DCF1B4CEEC0DBB4B55,#D32B1E
the Word of God; influence and centrality of,https://loom.loomofreality.org/#?category=4E323D7B85E34704B18BD5AB68F84E22,#CC0099
the animal kingdom,https://loom.loomofreality.org/#?category=2E53F4A56442E16B5B7BC0902E36C585,#538135
the cloud ['ama],https://loom.loomofreality.org/#?category=C8C084ECDBD341D0AA2C1FA5716E66E3,#7F7E80
the concourse on high,https://loom.loomofreality.org/#?category=9C2659CEFAA5E6114DDA8A2D71F13AF2,#7F7E80
the cross and the trinity,https://loom.loomofreality.org/#?category=2E899D7A2A2DE9B09ABA9A4160C9D3F8,#D32B1E
the divine emanation; the all-pervading bounty of God,https://loom.loomofreality.org/#?category=A73492EB36754162BEE9588EF11F2FD9,#702C8C
the economic problem and its solution; voluntary giving,https://loom.loomofreality.org/#?category=FC3291E97A2B4A1FB2A2B664AB345C85,#CC9900
the ephemeral and the eternal,https://loom.loomofreality.org/#?category=B73760379052E56FB65E6087189A0312,#7F7E80
the first and the last; the seen and the hidden,https://loom.loomofreality.org/#?category=BD766C442B19416EA9D42C62C5DA721A,#7F7E80
the golden rule; regard for one's neighbor; doing unto others,https://loom.loomofreality.org/#?category=9E2097943E7F4A8AB3F8A1B03D1E644D,#2B3514
the human body,https://loom.loomofreality.org/#?category=61CA06C3639D42A789B6DBF5E2F86E6C,#538135
the human soul,https://loom.loomofreality.org/#?category=65B32249C87F46A6BEA80B4FE5F9C1EE,#00B0F0
the human soul at midpoint of creation; the isthmus [barzakh],https://loom.loomofreality.org/#?category=388C5CE1497248D8AB59AE07C7B12BBE,#00B0F0
the lower is unable to comprehend the higher,https://loom.loomofreality.org/#?category=C957F3FF62F84A3A8DBA4B23EA26E8CC,#538135
the mind's power of discovery,https://loom.loomofreality.org/#?category=4D77315AED654CCC921D8BAC5B21A41C,#00B0F0
the power of example,https://loom.loomofreality.org/#?category=DB53ABF4937F457EBF7432583E55A26C,#2B3514
the power of words; of speech,https://loom.loomofreality.org/#?category=2F9E3A01AFCCEAC5262DC3738E50F13A,#2B3514
the soul as soil; cultivation of the soul,https://loom.loomofreality.org/#?category=D5D98C8A2EDA475EBC48A0E84E2AFE1D,#4277B6
the state of enkindlement in teaching,https://loom.loomofreality.org/#?category=023F2C5312FE4C9BA59624CDFA1998E1,#2B3514
the state of prayer; dynamics of prayer,https://loom.loomofreality.org/#?category=7329FDEC013DEAD42EBB1EE8D4348E33,#91218C
the truth of past religions and sacred scriptures,https://loom.loomofreality.org/#?category=193E825FA96F443BBA9ABC0E163E0F11,#7E1510
theft; seizing the properties of others,https://loom.loomofreality.org/#?category=ACE872F0F216E74E3C232830B6081C4F,#CCCC00
theodicy; the mystery of evil; of suffering,https://loom.loomofreality.org/#?category=9DEC6BF8F69A406FADF3FCA1C4BFAE33,#00B0F0
things are known by their opposites,https://loom.loomofreality.org/#?category=6333FDFFA1A7E1E6F2E6E954BADDF7DE,#538135
transcendence; unknowability of God,https://loom.loomofreality.org/#?category=F3B3303C979E42428EFC5629B545E4E4,#702C8C
transcending the material condition,https://loom.loomofreality.org/#?category=73709CA9F1694378BFE128A306C8D7CC,#4277B6
transience; worthlessness of the physical world,https://loom.loomofreality.org/#?category=CBBEF627F45A45E7850653204203438C,#4277B6
translation; publication of the Sacred Writings,https://loom.loomofreality.org/#?category=E9239F2F8F30E75D30C97D5222058E75,#000000
transmutation of the soul by the divine elixir,https://loom.loomofreality.org/#?category=43395CA160734AE8BF30EBF8DDA8BB1F,#4277B6
travels to Egypt by Abdu'l-Baha,https://loom.loomofreality.org/#?category=C065A79DAC15E74803C67A77D6F255E4,#FFC000
travels to the West by Abdu'l-Baha,https://loom.loomofreality.org/#?category=6E786EE894E9EA130794C22592689E71,#FFC000
true liberty; freedom,https://loom.loomofreality.org/#?category=344830F10FF3E024ED058D859E65EC8D,#00B050
trust and reliance in God; turning to Him at all times,https://loom.loomofreality.org/#?category=D1CA07BA971AE54EB4BCE0ABB94841E7,#91218C
twin Manifestations,https://loom.loomofreality.org/#?category=F115687B598B470AB058ADEDD3C97F66,#FFC000
twin duties of recognition and obedience,https://loom.loomofreality.org/#?category=EF1460687A9249CCAFEDE564FF3B9F06,#91218C
two aspects of the human soul; the higher and lower natures,https://loom.loomofreality.org/#?category=5410D4DAE5454E8D81B13EC3E9DA2F23,#00B0F0
two kinds of civilization; material and spiritual civilization,https://loom.loomofreality.org/#?category=84AD735BE35249BCBFC3DE87B796C72C,#CC9900
two kinds of knowledge [ilm and irfan]; sight and insight,https://loom.loomofreality.org/#?category=1A11545F6FCC460995486A8C10B9506C,#00B0F0
twofold; threefold station of the Manifestation of God,https://loom.loomofreality.org/#?category=568978583E424499943612635F17DB7F,#BA1C30
unchastity and adultery,https://loom.loomofreality.org/#?category=64A81CD1014F40F9A26937FA27715202,#CCCC00
uncompounded reality [basitu'l-haqiqah],https://loom.loomofreality.org/#?category=C0EDDD3E844E4114A8D00103258F7A8F,#538135
unity in diversity,https://loom.loomofreality.org/#?category=A20E909C76AB45A7A3B172F91D3C4D97,#00B050
unity of existence [wahdatu'l-wujud],https://loom.loomofreality.org/#?category=0858B3C3177BE8300A0B98D4DF4EBB10,#538135
unity of governments; political unity,https://loom.loomofreality.org/#?category=05BF59468BDB4AE8988D540CBE8E5C2B,#CC9900
unity of thought and belief,https://loom.loomofreality.org/#?category=A4AA0909671F483EB793112083AAB33D,#00B050
unity; oneness of humanity,https://loom.loomofreality.org/#?category=8677D5CBAD964C7F95A61AF10D5EB72D,#00B050
universal education,https://loom.loomofreality.org/#?category=94AE855C19A34B0D9F7D09FA46079FB3,#00B050
universal human capacity for spiritual recognition,https://loom.loomofreality.org/#?category=58CCB959C2C14BCA91979DA42D866EC8,#00B0F0
universal language,https://loom.loomofreality.org/#?category=30894349063B41739E0027F705C40651,#00B050
universal peace; world unity,https://loom.loomofreality.org/#?category=91BFC765953C4C6D9943AF7361ADD675,#CC9900
universality of the Cause,https://loom.loomofreality.org/#?category=25D5D8F955CC436AA7A1B20E51D912F3,#7E1510
useful occupation; acquisition of a craft; trade; profession,https://loom.loomofreality.org/#?category=C307803DE6C7E45E17BD19C083DE4620,#2B3514
veiling [hijab],https://loom.loomofreality.org/#?category=7A3285F9D060E1FFC9B67CEF57102DA7,#D32B1E
visitation Tablets,https://loom.loomofreality.org/#?category=987EF0C27231E82F60711CF5B59C8BBF,#91218C
walking the spiritual path; spiritual wayfaring; the virtuous life,https://loom.loomofreality.org/#?category=DBB07A9A48FD421E8F6E02D219149549,#4277B6
war and peace,https://loom.loomofreality.org/#?category=50D596B8CDE8EE327D4667F516197AF2,#CC9900
wealth inequality and its moderation,https://loom.loomofreality.org/#?category=A8B7BAB865C1EDFF1E086B0B1C1C8B38,#00B050
wine as symbol of spiritual transformation,https://loom.loomofreality.org/#?category=5C70FAED65314EFAA8B49E0D3FEC8102,#4277B6
wisdom [hikmat],https://loom.loomofreality.org/#?category=F21CB46DB1E7424F8F52EA6E0C61DD3B,#4277B6
words vs deeds,https://loom.loomofreality.org/#?category=938239E920FD40BEAE2E8DD30528D54A,#2B3514
work as worship,https://loom.loomofreality.org/#?category=CB73A56CDCC6E0484B0C8324B42C7E3D,#2B3514
worldliness vs. other-worldliness,https://loom.loomofreality.org/#?category=BD88D70EC7AEE658A00C66FE24E0CA85,#4277B6
youth and pre-ministry of Abdu'l-Baha,https://loom.loomofreality.org/#?category=B09DF372555FE0EF51DAE5C0119AD51E,#FFC000
zeal and fervor in teaching the Cause,https://loom.loomofreality.org/#?category=91D833BA584F4D1D93358168C049C525,#2B3514
characteristics and conduct of true believers,https://loom.loomofreality.org/#?category=0DB1352636234AF3A5E69C0111872F10,#2B3514
rendering assistance to God; victory [nusrat],https://loom.loomofreality.org/#?category=33935FBED9F0E410656C9D3DE991FA40,#91218C
fanaticism and hatred,https://loom.loomofreality.org/#?category=E5B7CD1735F6E8500A618FCAEDB19771,#CCCC00
spiritual warfare; struggle,https://loom.loomofreality.org/#?category=183275A5B837E5FF68BAE9DBF2B22BFE,#7F7E80
religion as source; stimulus of knowledge and science,https://loom.loomofreality.org/#?category=6280A04C18E1EDA8175C748BAC2D2A19,#7E1510
incarceration of Baha'u'llah in Siyah Chal      ,https://loom.loomofreality.org/#?category=1F941B251E10EA4F406FDD64819512C9,#FFC000
prayer for justice and fairmindedness,https://loom.loomofreality.org/#?category=C64E94C9365DEE106495D05F1FA8AEA1,#91218C
