Selection ID,Subject,Source file,Block,Line,Status,Reason,Supplied ID,Quotation,Reference,Candidate IDs and paragraphs,Assign ID,Assign paragraph,Notes,Outcome,Applied ID,Applied paragraphs,Applied status,Evidence
54650884c92de33a4f1a9369,plenitude; the pervasiveness of life in the cosmos,subject_extracts/Evernote_scrape/plenitude; the pervasiveness of life in the cosmos.txt,25,53,approximate,,,"Existence is life, and all things are alive and living.","(Abdu'l-Baha, provisional translation, AvK1.203; KHT2.100)",,ABU0151,7,,Assigned quotation linked,ABU0151,7,approximate,Owner-assigned ID and paragraph verified against the available English translation.
3d03a3675199ea5ba75cee2b,laws of marriage and dowry,subject_extracts/Evernote_scrape/laws of marriage and dowry.txt,5,16,unmatched,"Reference lookup identifies AB10397, ABU2455; no complete paragraph mapping confirmed.",,"Concerning bigamy, this has been promulgated, and no one must abrogate it. 'Abdu'l-Baha has not abrogated this law. These are false accusations and lies (spread by) the friends. What I have said is that He has made bigamy bound on a precondition. As long as someone does not attain certitude regarding the capability to practice justice and his heart is not at rest that he can practice justice, he should not be intent upon a second marriage. But if he should be sure and attain certitude that he would practice justice on all levels (and conditions), then a second marriage is lawful. Just as has been the case in the Holy Land: the Baha'i friends wished to marry a second wife, accepting this precondition, and this servant [Abdu'l-Baha] never abstained (from giving permission), but insisted that justice should be considered, and justice actually means here self-restraint; but they said, that they will practice justice and wished to marry a second wife. Such false accusations [charges that Abdu'l-Baha prohibited bigamy] are the slanderous whisperings of those who wish to spread doubts and to what degree they already succeed in making matters ambiguous! (Our) purpose was to state that bigamy without justice is not lawful and that justice is very difficult (to achieve).","(Abdu'l-Baha, provisional translation, AvK4:174)",,AB00629,6,use Reference,Assigned quotation linked,AB00629,6,approximate,Owner-assigned ID and paragraph verified against the available English translation. Only the portion present within the assigned paragraph 6 is highlighted; the continuation is retained in the quotation.
d1ab81b5db76cf9603555cfa,soul; spirit after death,subject_extracts/Evernote_scrape/soul; spirit after death.txt,38,79,unmatched,No complete paragraph mapping confirmed after reference lookup and phrase searches across the English corpus.,,"Without doubt, these holy souls who are gifted with pure eyes and spiritual vision will be initiated into all secrets of the whole kingdom of light and will view the revealed beauty of God. In the same way they will meet with all friends of God of past and present times in the heavenly concourse.","('Abdu'l-Baha, provisional translation, in Sonne der Wahrheit, vol. 1/2, pp. 46-47)",,AB00448,7,use Reference,Assigned quotation linked,AB00448,7,approximate,Owner-assigned ID and paragraph verified against the available English translation.
bef90f07d01a5fc5f88ab7d2,progressive revelation; renewal of religion,subject_extracts/Evernote_scrape/progressive revelation; renewal of religion.txt,42,90,approximate,,,It is unjust for the speaker to utter that which is beyond the capacity of his listeners to comprehend.,"(Baha'u'llah, from a Tablet)",,BH00408,10,,Assigned quotation linked,BH00408,10,approximate,Owner-assigned ID and paragraph verified against the available English translation.
30f4c991afa07f9bf7771fb1,regarding the receptivity of the hearer in teaching the Cause,subject_extracts/Evernote_scrape/regarding the receptivity of the hearer in teaching the Cause.txt,9,21,approximate,,,It is unjust for the speaker to utter that which is beyond the capacity of his listeners to comprehend.,"(Baha'u'llah, from a Tablet)",,BH00408,10,,Assigned quotation linked,BH00408,10,approximate,Owner-assigned ID and paragraph verified against the available English translation.
5bc79d0f7ee48483c16311ca,four elements,subject_extracts/Evernote_scrape/four elements.txt,2,7,unmatched,No complete paragraph mapping confirmed after reference lookup and phrase searches across the English corpus.,,"There are four columns to reality and these are tasbih, tahmid, tahlil and takbir - all of these are names whereby God is praised and each one corresponds with one of the four elements: tasbih with air, tahmid with fire, tahlil with water, and takbir with earth.","(Excerpt of summary of the Persian Bayan 4:3, provisional translation, P. Terry's trans. p. 34)",,BB00003,1780,use Reference,Assigned quotation linked,BB00003,1780,approximate,Owner-assigned ID and paragraph verified against the available English translation. Owner-assigned paragraph retained as an approximate match. The wording and fire/air associations differ between the extract and available translation.
d63f39678eaf46814923958f,God's attributes require the existence of objects,subject_extracts/Evernote_scrape/God's attributes require the existence of objects.txt,18,42,unmatched,No complete paragraph mapping confirmed after reference lookup and phrase searches across the English corpus.,,"Just as He does not need for His being alive the existence of anything other than Him, He also does not need for His knowledge the existence of objects of knowledge. And the Essence [of God] continues to be [un]connected to things.","(Lawh-i-Basitatu'l-Haqiqah, Iqtidarat p.105ff)",,BB00036,57-58,use Reference,Assigned quotation linked,BB00036,"57,58",approximate,Owner-assigned ID and paragraph verified against the available English translation.
fc9deaf060ff7e1fc6270c9d,disregarding own capacity in teaching the Cause,subject_extracts/Evernote_scrape/disregarding own capacity in teaching the Cause.txt,3,9,unmatched,No complete paragraph mapping confirmed after reference lookup and phrase searches across the English corpus.,,"...you must not say that you are dust. Nay, rather, you must look at the effulgence of the Sun of Reality, which ever shines upon you. You must look at the cloud of the Kingdom that ever pours down its rain upon you. You must feel the breeze of Providence that ever blows toward you.","(Memories of Abdu'l-Baha, by Ramona Allen Brown, p. 80)",,pass,,,Pass — retained unmatched,,,unmatched,Owner marked pass: retain quotation without an Inventory paragraph link.
02f2b681a58383fde26212f2,elementary matter cannot be annihilated,subject_extracts/Evernote_scrape/elementary matter cannot be annihilated.txt,12,27,unmatched,Reference lookup identifies ABU0054; no complete paragraph mapping confirmed.,ABU0054,"...The followers of Truth hold that all material things will prove on close examination to be composite and compound forms, even though philosophers through the ages may have regarded them as simple substances.","(Provisional translation, ABU0054)",,pass,,use Reference,Pass — retained unmatched,,,unmatched,Owner marked pass: retain quotation without an Inventory paragraph link.
b4e2de49c5d7580a74ee1924,seven stages of creation,subject_extracts/Evernote_scrape/seven stages of creation.txt,9,21,unmatched,No complete paragraph mapping confirmed after reference lookup and phrase searches across the English corpus.,,"The first three grades, when they descend, manifest the seven. The first three stages form the unseen realm and the next four form the visible realm.","(The Bab, provisional translation, commentary on Suriy-i-Tawhid, le Béyan Arabe, pp. 28-29 and P. Terry's trans., p. 11)",,BB00677,39,use Reference,Assigned quotation linked,BB00677,39,approximate,Owner-assigned ID and paragraph verified against the available English translation.
5777065d3d11c5c2ee05a043,"human soul as mirror; divine light, attributes within","subject_extracts/Evernote_scrape/human soul as mirror; divine light, attributes within.txt",88,188,unmatched,"Reference lookup identifies BB00065, BB00247; no complete paragraph mapping confirmed.",,"Verily hath God created within thyself all that He hath fashioned in creation in His likeness, that thou mayest not be veiled from any effulgence. Verily God hath generated within thy being the entirety of His manifestations. He hath ordained that His home be the heart of His servant...","(The Bab, provisional translation, GOH.059)",,pass,,use Reference,Pass — retained unmatched,,,unmatched,Owner marked pass: retain quotation without an Inventory paragraph link.
046c66feccac58b00ff96756,microcosm and macrocosm ['alam-i-akbar and 'alam-i-asghar],subject_extracts/Evernote_scrape/microcosm and macrocosm ['alam-i-akbar and 'alam-i-asghar].txt,21,48,unmatched,"Reference lookup identifies BB00065, BB00247; no complete paragraph mapping confirmed.",,"Verily hath God created within thyself all that He hath fashioned in creation in His likeness, that thou mayest not be veiled from any effulgence. Verily God hath generated within thy being the entirety of His manifestations. He hath ordained that His home be the heart of His servant...","(The Bab, provisional translation, GOH.059)",,pass,,use Reference,Pass — retained unmatched,,,unmatched,Owner marked pass: retain quotation without an Inventory paragraph link.
3cd3135c7c0afbb0c8f74904,multiple meanings; interpretations in scripture,subject_extracts/Evernote_scrape/multiple meanings; interpretations in scripture.txt,8,19,unmatched,"Reference lookup identifies BB00065, BB00247; no complete paragraph mapping confirmed.",,"Verily, each letter of the Qur'an is invested with as many manifest meanings (tafsir) as the number of the atoms of all things that are embraced by the knowledge of God. And each one of these manifest meanings hath a hidden meaning (ta'vil), and each of these hidden meanings possesseth an inward meaning (batin), and each inward meaning containeth an inner inward meaning (batin-i-batin), and so on, as God willeth.","(The Bab, provisional translation, GOH.059)",,BB00007,46,use Reference,Assigned quotation linked,BB00007,46,approximate,Owner-assigned ID and paragraph verified against the available English translation.
1a1507bd44fe49e8ee985e07,fire and light; fire and water,subject_extracts/Evernote_scrape/fire and light; fire and water.txt,13,29,unmatched,Reference lookup identifies BB00247; no complete paragraph mapping confirmed.,,"Verily, God hath granted thee permission to kneel in adoration and approach that Fire. This Fire, which, for the one True God, burneth at the very heart of the Water, prostrateth itself before the Truth.","(The Bab, provisional translation, GOH.076)",,BB00002,6,use Reference,Assigned quotation linked,BB00002,6,approximate,Owner-assigned ID and paragraph verified against the available English translation.
3234ade0803583ad8b0e9250,free will and predestination; fate,subject_extracts/Evernote_scrape/free will and predestination; fate.txt,28,62,unmatched,"Reference lookup identifies BB00021, BB00114; no complete paragraph mapping confirmed.",,"It is in the station of Destiny that pluralities appear, lights are distinguished from shadows, and essences are differentiated from attributes. It is by virtue of this station that the wicked becometh wicked on account of his free choice, and the just becometh just, through the grace of God, on account of his free choice. Thus Destiny is ""the womb of the pure realm of contingency"" and ""the most great depth"".... Verily, the reason for the manifestation of these distinctions in the station of Destiny is the very manifestation of freedom inasmuch as, verily, naught cometh into being in the world save through its own free choice....","(The Bab, provisional translation, GOH.214)",,BB00114,18,use Reference,Assigned quotation linked,BB00114,18,approximate,Owner-assigned ID and paragraph verified against the available English translation.
5e25ac5da895232418f19ee6,The self-generation of the Primal Will,subject_extracts/Evernote_scrape/The self-generation of the Primal Will.txt,71,163,unmatched,No complete paragraph mapping confirmed after reference lookup and phrase searches across the English corpus.,,The relation which exists between the Primal Will and the universe is as intimate and indissoluble as that which exits between fire and heat.,"(The Bab, provisional translation, Persian Bayan 5:10)",,BB00001,866,use Reference,Assigned quotation linked,BB00001,866,approximate,Owner-assigned ID and paragraph verified against the available English translation.
33053d3f813c2c6caa10cb95,Primal Will and the Word; Remembrance; Manifestation of God,subject_extracts/Evernote_scrape/Primal Will and the Word; Remembrance; Manifestation of God.txt,58,131,unmatched,No complete paragraph mapping confirmed after reference lookup and phrase searches across the English corpus.,,"In the rank of the First Remembrance, which is the most great of the degrees of the creation, this First Remembrance must exist for four causes: the creation by God, the very being, the form, and the utility or fruit. Existence is not possible in the world of contingency except by the aid of these four aspects. Each thing, to manifest its existence, must have an element of fire, an element of air and of water to conserve this existence, and an element of earth to accept the degrees.","(The Bab, provisional translation, Suriy-i-Tawhid, in Nicolas' le Beyan Arabe, pp. 28-29 and P. Terry's trans., p. 11)",,BB00064,27,use Reference,Assigned quotation linked,BB00064,27,approximate,Owner-assigned ID and paragraph verified against the available English translation.
daf5e9cf6afe502fe95b10f0,four causes,subject_extracts/Evernote_scrape/four causes.txt,1,5,unmatched,No complete paragraph mapping confirmed after reference lookup and phrase searches across the English corpus.,,"In the rank of the First Remembrance, which is the most great of the degrees of the creation, this First Remembrance must exist for four causes: the creation by God, the very being, the form, and the utility or fruit. Existence is not possible in the world of contingency except by the aid of these four aspects. Each thing, to manifest its existence, must have an element of fire, an element of air and of water to conserve this existence, and an element of earth to accept the degrees.","(The Bab, provisional translation, Suriy-i-Tawhid, in Nicolas' le Beyan Arabe, pp. 28-29 and P. Terry's trans., p. 11)",,BB00064,27,use Reference,Assigned quotation linked,BB00064,27,approximate,Owner-assigned ID and paragraph verified against the available English translation.
9a48848b39eda10561655365,four elements,subject_extracts/Evernote_scrape/four elements.txt,4,11,unmatched,No complete paragraph mapping confirmed after reference lookup and phrase searches across the English corpus.,,"In the rank of the First Remembrance, which is the most great of the degrees of the creation, this First Remembrance must exist for four causes: the creation by God, the very being, the form, and the utility or fruit. Existence is not possible in the world of contingency except by the aid of these four aspects. Each thing, to manifest its existence, must have an element of fire, an element of air and of water to conserve this existence, and an element of earth to accept the degrees.","(The Bab, provisional translation, Suriy-i-Tawhid, in Nicolas' le Beyan Arabe, pp. 28-29 and P. Terry's trans., p. 11)",,BB00064,27,use Reference,Assigned quotation linked,BB00064,27,approximate,Owner-assigned ID and paragraph verified against the available English translation.
2731e68729dda10c9b861bba,God as immanent vs. transcendent reality,subject_extracts/Evernote_scrape/God as immanent vs. transcendent reality.txt,32,67,unmatched,No complete paragraph mapping confirmed after reference lookup and phrase searches across the English corpus.,,"The truth is that nobody has a route which can conduct him towards the eternal Essence. Always He subsists in His state of eternity and nothing can equal Him; nothing can come from Him, nothing is similar to His essence, and nothing separates itself from Him.","(The Bab, provisional translation, Suriy-i-Tawhid, Le Béyan Arabe, pp. 29-31, and P. Terry's translation, pp. 11-12)",,BB00064,30,use Reference,Assigned quotation linked,BB00064,30,approximate,Owner-assigned ID and paragraph verified against the available English translation.
8b7f5675ad2d998cff4cdb31,differences in human capacity,subject_extracts/Evernote_scrape/differences in human capacity.txt,32,67,unmatched,No complete paragraph mapping confirmed after reference lookup and phrase searches across the English corpus.,,God has given to each what he deserves according to his already existing propensity (bi-ma huwa 'alayhi). This divine knowledge is the knowledge of potentialities.,"(The Bab, provisional translation, Tafsir Surat al-Baqara, Tihran MSS 6014C, f22, as quoted in B. Todd Lawson, The Qur'an Commentary of the Bab, in A. Rippin, Approaches to the History of the Interpretation of the Qur'an, p. 239)",,pass,,use Reference,Pass — retained unmatched,,,unmatched,Owner marked pass: retain quotation without an Inventory paragraph link.
054c80740972f421f6c5b682,spiritualization of humanity in the future; a new race of men,subject_extracts/Evernote_scrape/spiritualization of humanity in the future; a new race of men.txt,6,24,unmatched,"Reference lookup identifies AB01574, AB10764, AB10765, AB11292, AB11337, AB11543; no complete paragraph mapping confirmed.",,Within the very breath of such souls as are pure and sanctified far-reaching potentialities are hidden. So great are these potentialities that they exercise their influence upon all created things.,"ADJ#039 p023, Ruhi5.1.12 (Baha'u'llah)",,BH06035,2,use Reference,Assigned quotation linked,BH06035,2,confirmed,Owner-assigned ID and paragraph verified against the available English translation.
a6144a9a1576f863689cc0b5,justice ['adl]; social justice and divine justice,subject_extracts/Evernote_scrape/justice ['adl]; social justice and divine justice.txt,21,45,unmatched,No complete paragraph mapping confirmed after reference lookup and phrase searches across the English corpus.,,"God be praised! The sun of justice hath risen above the horizon of Baha'u'llah. For in His Tablets the foundations of such a justice have been laid as no mind hath, from the beginning of creation, conceived.",ADJ#043 ('Abdu'l-Baha),,pass,16,,Pass — retained unmatched,,,unmatched,Owner marked pass: retain quotation without an Inventory paragraph link.
93f247bde58d83c1cbb0b5d5,knowledge; recognition of God,subject_extracts/Evernote_scrape/knowledge; recognition of God.txt,43,95,unmatched,Reference lookup identifies BH04901; no complete paragraph mapping confirmed.,BH04901,"Know thou for a certainty that whoso disbelieveth in God (lan tajid 'indihi al-diyanat; i.e. ""whoso hath not religiosity"") is neither trustworthy (al-imanat) nor truthful (al-sidq). This, indeed, is the truth, the undoubted truth. He that acteth treacherously towards God will, also, act treacherously towards his king. Nothing whatever can deter such a man from evil, nothing can hinder him from betraying his neighbor, nothing can induce him to walk uprightly. GWB#114 p232-233; SLH.5#060 cf. ""...those are not at all to be tolerated who deny the being of a God. Promises, covenants, and oaths, which are the bonds of human society, can have no hold upon an atheist. The taking away of God, though but even in thought, dissolves all..."" John Locke, A Letter Concerning Toleration. Alternate: ""Those who deny the existence of the Deity are not to be tolerated at all. Promises, covenant and oaths, which are the bonds of human society, can have no hold upon or sanctity for an atheist."" also cf. Today, whosoever hath turned unto the most exalted horizon and attained unto the recognition of God, exalted be His glory, he verily was and is truthful.",BH04901,,BH00021,61,use Reference,Assigned quotation linked,BH00021,61,approximate,Owner-assigned ID and paragraph verified against the available English translation. Only the Bahá’u’lláh passage in paragraph 61 is mapped; the appended Locke comparison and other quotation are retained without extending this mapping.
ffdd817f44f9a7112dd7e190,"serving humanity; working for progress, betterment of the world",subject_extracts/Evernote_scrape/serving humanity; working for progress; betterment of the world.txt,2,7,approximate,,,We desire but the good of the world and the happiness of the nations...,BNE.039 (Baha'u'llah),,BHU0015,1,,Assigned quotation linked,BHU0015,1,approximate,Owner-assigned ID and paragraph verified against the available English translation.
51969218727cc5be86a9eb2a,loving one's enemies; returning hatred with love,subject_extracts/Evernote_scrape/loving one's enemies; returning hatred with love.txt,4,11,unmatched,"Reference lookup identifies AB00351, AB00774, AB00998; no complete paragraph mapping confirmed.",,"One of the teachings is that love and faithfulness must so prevail in the hearts that men may see the stranger as a friend, the sinner as an intimate fellow, may count enemies as allies, regard foes as loving comrades, call their executioner the giver of life, consider the denier as a believer and the unbeliever as a faithful one -- that is, men must behave in such a manner as may befit the believers, the faithful, the friend and the confidant.",BWF.414 (Abdu'l-Baha),AB00998: 3 (owner-approved correction),AB00653,,use Reference,Assigned quotation linked,AB00998,3,approximate,"Owner approved replacing assigned AB00653 with AB00998, following phrase search and review of the located translation."
c86ca0eea8931f4451f1044b,eternal archetypes [a'yan-i-thabitah],subject_extracts/Evernote_scrape/eternal archetypes [a'yan-i-thabitah].txt,7,17,unmatched,No complete paragraph mapping confirmed after reference lookup and phrase searches across the English corpus.,,"Most of the Islamic philosophers, the peripatetic philosophers, the followers of Mulla Sadra (as-Sadra'iyyin), and the Theosophical philosophers (al-ilahiyyin) have erred in their explanations of this station. The signs of the effulgences (tajalliyat) of creation were mistaken by them for the countenance of the Essence [of God]. Thus they went along with erroneous statements concerning the Eternal Archetypes (a`yan thabita) being in the Essence [of God] in order to establish His knowledge (praised be He)[1]; and with mention of the Uncompounded Reality in order to establish causality (`illiyya) in the Essence [of God]; and with mention of the connection between the Essence [of God] and [His] actions and attributes; and with the mention of the oneness of Being (wahdat al-wujud) between the Creator (mujid) and the one who has gone astray (al-mafqud). All of this is absolute heresy (shirk mahd) in the estimation of the family of God, the Imams of justice, for God has always been the All-Knowing without the existence of anything having form and shape (? - shay'un bi-mithl ma inna-hu kana shayyar). (The Bab, provisional translation, Risaliy-i-Dhahabiyyih,","INBA86:95-96, in Lawh-i-Basitu'l-Haqiqah)     [1] This refers to the assertion that if Knowledge is an essential attribute of God then the Eternal Archetypes of all created things must be within the Essence of God in order for there to be something that is the object of God's knowledge. (note by M. Momen)","BB00036: 56,57 (owner-reviewed)",BH00409,56,use Reference,Assigned quotation linked,BB00036,"56,57",approximate,Owner approved correcting BH00409 paragraph 56 to BB00036 paragraphs 56–57; quotation verified in a variant translation.
f7d26852fec53a7977277874,uncompounded reality [basitu'l-haqiqah],subject_extracts/Evernote_scrape/uncompounded reality [basitu'l-haqiqah].txt,1,5,unmatched,No complete paragraph mapping confirmed after reference lookup and phrase searches across the English corpus.,,"Most of the Islamic philosophers, the peripatetic philosophers, the followers of Mulla Sadra (as-Sadra'iyyin), and the Theosophical philosophers (al-ilahiyyin) have erred in their explanations of this station. The signs of the effulgences (tajalliyat) of creation were mistaken by them for the countenance of the Essence [of God]. Thus they went along with erroneous statements concerning the Eternal Archetypes (a`yan thabita) being in the Essence [of God] in order to establish His knowledge (praised be He)[1]; and with mention of the Uncompounded Reality in order to establish causality (`illiyya) in the Essence [of God]; and with mention of the connection between the Essence [of God] and [His] actions and attributes; and with the mention of the oneness of Being (wahdat al-wujud) between the Creator (mujid) and the one who has gone astray (al-mafqud). All of this is absolute heresy (shirk mahd) in the estimation of the family of God, the Imams of justice, for God has always been the All-Knowing without the existence of anything having form and shape (? - shay'un bi-mithl ma inna-hu kana shayyar). (The Bab, provisional translation, Risaliy-i-Dhahabiyyih,","INBA86:95-96, in Lawh-i-Basitu'l-Haqiqah)     [1] This refers to the assertion that if Knowledge is an essential attribute of God then the Eternal Archetypes of all created things must be within the Essence of God in order for there to be something that is the object of God's knowledge. (note by M. Momen)","BB00036: 56,57 (owner-reviewed)",BH00409,56,use Reference,Assigned quotation linked,BB00036,"56,57",approximate,Owner approved correcting BH00409 paragraph 56 to BB00036 paragraphs 56–57; quotation verified in a variant translation.
6ffd3df7b732125723541370,unity of existence [wahdatu'l-wujud],subject_extracts/Evernote_scrape/unity of existence [wahdatu'l-wujud].txt,24,60,unmatched,No complete paragraph mapping confirmed after reference lookup and phrase searches across the English corpus.,,"Most of the Islamic philosophers, the peripatetic philosophers, the followers of Mulla Sadra (as-Sadra'iyyin), and the Theosophical philosophers (al-ilahiyyin) have erred in their explanations of this station. The signs of the effulgences (tajalliyat) of creation were mistaken by them for the countenance of the Essence [of God]. Thus they went along with erroneous statements concerning the Eternal Archetypes (a`yan thabita) being in the Essence [of God] in order to establish His knowledge (praised be He)[1]; and with mention of the Uncompounded Reality in order to establish causality (`illiyya) in the Essence [of God]; and with mention of the connection between the Essence [of God] and [His] actions and attributes; and with the mention of the oneness of Being (wahdat al-wujud) between the Creator (mujid) and the one who has gone astray (al-mafqud). All of this is absolute heresy (shirk mahd) in the estimation of the family of God, the Imams of justice, for God has always been the All-Knowing without the existence of anything having form and shape (? - shay'un bi-mithl ma inna-hu kana shayyar). (The Bab, provisional translation, Risaliy-i-Dhahabiyyih,","INBA86:95-96, in Lawh-i-Basitu'l-Haqiqah)     [1] This refers to the assertion that if Knowledge is an essential attribute of God then the Eternal Archetypes of all created things must be within the Essence of God in order for there to be something that is the object of God's knowledge. (note by M. Momen)","BB00036: 56,57 (owner-reviewed)",BH00409,56,use Reference,Assigned quotation linked,BB00036,"56,57",approximate,Owner approved correcting BH00409 paragraph 56 to BB00036 paragraphs 56–57; quotation verified in a variant translation.
a9fbb054b7f5ea730eead928,Word of God the cause of creation,subject_extracts/Evernote_scrape/Word of God the cause of creation.txt,13,29,unmatched,Reference lookup identifies BH00554; no complete paragraph mapping confirmed.,,Thou art that King by Whose commanding word the whole creation hath been called into being...,PM#159 p251,,BH00554,,use Reference,Assigned quotation linked,BH00554,11,approximate,Owner-assigned ID; paragraph located by phrase search and comparison of translation variants.
74c6690933d875398c187332,twin duties of recognition and obedience,subject_extracts/Evernote_scrape/twin duties of recognition and obedience.txt,3,9,approximate,,,"I bear witness, O my God, that Thou hast created me to know Thee ('irfanika) and to worship Thee ('ibadatika). I testify, at this moment, to my powerlessness and to Thy might, to my poverty and to Thy wealth.","PM#180 p313, Ruhi2.2.2, Ruhi6.3.17",BH11209: 1 (owner-reviewed),BH11209,1,,Assigned quotation linked,BH11209,1,approximate,"Owner assigned BH11209 paragraph 1; quoted prayer matches, with explanatory transliteration insertions in the extract."
b8bab801f55c1476fb82ea51,love as fundamental; spiritual foundations of religion,subject_extracts/Evernote_scrape/love as fundamental; spiritual foundations of religion.txt,34,83,approximate,,,Show love to all; 'Love is the breath of the Holy Spirit in the heart of Man.',PT#06:12 p030,ABU0478: 12 (owner-reviewed),ABU0478,7,,Assigned quotation linked,ABU0478,12,confirmed,Owner approved paragraph 12 in the corrected ABU0478 text; wording matches apart from quotation punctuation.
66a2ccf10e42048de6cf017d,composition and decomposition,subject_extracts/Evernote_scrape/composition and decomposition.txt,10,26,unmatched,No complete paragraph mapping confirmed after reference lookup and phrase searches across the English corpus.,,"Some define existence as the expression of reality or being and nonexistence as nonbeing, imagining that death is annihilation. This is a mistaken idea, for total annihilation is an impossibility. At most, composition is ever subject to decomposition or disintegration - that is to say, existence implies the grouping of material elements in a form or body, and nonexistence is simply the decomposing of these groupings. This is the law of creation in its endless forms and infinite variety of expression.",PUP.087,,ABU0070,2,use Reference,Assigned quotation linked,ABU0070,2,confirmed,Owner-assigned ID and paragraph verified against the available English translation.
6797cc501f20389bc6a60701,diversity an attribute; requirement of existence,subject_extracts/Evernote_scrape/diversity an attribute; requirement of existence.txt,6,15,unmatched,No complete paragraph mapping confirmed after reference lookup and phrase searches across the English corpus.,,"Some define existence as the expression of reality or being and nonexistence as nonbeing, imagining that death is annihilation. This is a mistaken idea, for total annihilation is an impossibility. At most, composition is ever subject to decomposition or disintegration - that is to say, existence implies the grouping of material elements in a form or body, and nonexistence is simply the decomposing of these groupings. This is the law of creation in its endless forms and infinite variety of expression.",PUP.087,,ABU0070,2,use Reference,Assigned quotation linked,ABU0070,2,confirmed,Owner-assigned ID and paragraph verified against the available English translation.
eaa62778a28be3772004dea2,diversity an attribute; requirement of existence,subject_extracts/Evernote_scrape/diversity an attribute; requirement of existence.txt,25,56,unmatched,No complete paragraph mapping confirmed after reference lookup and phrase searches across the English corpus.,,"According to divine philosophy there are two important and universal conditions in the world of material phenomena:  one which concerns life, the other concerning death; one relative to existence, the other nonexistence; one manifest in composition, the other in decomposition.",PUP.087,,ABU0070,2,use Reference,Assigned quotation linked,ABU0070,2,confirmed,Owner-assigned ID and paragraph verified against the available English translation.
fd3d5e0996c83262381a671f,elementary matter cannot be annihilated,subject_extracts/Evernote_scrape/elementary matter cannot be annihilated.txt,2,7,unmatched,No complete paragraph mapping confirmed after reference lookup and phrase searches across the English corpus.,,"...total annihilation is an impossibility, and existence can never become nonexistence.",PUP.087,,ABU0070,2,use Reference,Assigned quotation linked,ABU0070,2,confirmed,Owner-assigned ID and paragraph verified against the available English translation.
b5752104f7e78224c695ae31,relativity and complementary truths,subject_extracts/Evernote_scrape/relativity and complementary truths.txt,26,61,unmatched,No complete paragraph mapping confirmed after reference lookup and phrase searches across the English corpus.,,"Some define existence as the expression of reality or being and nonexistence as nonbeing, imagining that death is annihilation. This is a mistaken idea, for total annihilation is an impossibility. At most, composition is ever subject to decomposition or disintegration - that is to say, existence implies the grouping of material elements in a form or body, and nonexistence is simply the decomposing of these groupings. This is the law of creation in its endless forms and infinite variety of expression.",PUP.087,,ABU0070,2,use Reference,Assigned quotation linked,ABU0070,2,confirmed,Owner-assigned ID and paragraph verified against the available English translation.
90bce4b5d71f36c76856e862,passage of elementary matter through degrees of existence,subject_extracts/Evernote_scrape/passage of elementary matter through degrees of existence.txt,3,9,unmatched,No complete paragraph mapping confirmed after reference lookup and phrase searches across the English corpus.,,"...the atoms of the material elements are transferable from one form of existence to another, from one degree and kingdom to another, lower or higher. For example, an atom of the soil or dust of earth may traverse the kingdoms from mineral to man by successive incorporations into the bodies of the organisms of those kingdoms.... Throughout these degrees of its traversing the kingdoms from one form of phenomenal being to another, it retains its atomic existence and is never annihilated",PUP.087-088,,ABU0070,2,use Reference,Assigned quotation linked,ABU0070,2,confirmed,Owner-assigned ID and paragraph verified against the available English translation.
06a57e2ac381d9aa3c34c020,composition and decomposition,subject_extracts/Evernote_scrape/composition and decomposition.txt,36,93,unmatched,No complete paragraph mapping confirmed after reference lookup and phrase searches across the English corpus.,,"So to speak, when the atom entered into the composition of the tree, it died to the mineral kingdom, and when consumed by the animal, it died to the vegetable kingdom, and so on until its transference or transmutation into the kingdom of man; but throughout its traversing it was subject to transformation and not annihilation.  Death, therefore, is applicable to a change or transference from one degree or condition to another.",PUP.088,,ABU0070,3,use Reference,Assigned quotation linked,ABU0070,3,confirmed,Owner-assigned ID and paragraph verified against the available English translation.
dac953d9ae8550b0b1ace000,degrees of spirit and the kingdoms of existence,subject_extracts/Evernote_scrape/degrees of spirit and the kingdoms of existence.txt,65,142,unmatched,No complete paragraph mapping confirmed after reference lookup and phrase searches across the English corpus.,,In the mineral realm there was a spirit of existence; in the world of plant life and organisms it reappeared as the vegetative spirit; thence it attained the animal spirit and finally aspired to the human spirit.,PUP.088,,ABU0070,3,use Reference,Assigned quotation linked,ABU0070,3,confirmed,Owner-assigned ID and paragraph verified against the available English translation.
8fb869150a8acc8edf16001c,higher encompasses the lower,subject_extracts/Evernote_scrape/higher encompasses the lower.txt,3,9,unmatched,No complete paragraph mapping confirmed after reference lookup and phrase searches across the English corpus.,,"The perfections of the mineral are translated into the vegetable and from thence into the animal, the virtue always attaining a superlative degree in the upward change.  In each kingdom we find the same virtues manifesting themselves more fully, proving that the reality has been transferred from a lower to a higher form and kingdom of being.",PUP.088,,ABU0070,3,use Reference,Assigned quotation linked,ABU0070,3,confirmed,Owner-assigned ID and paragraph verified against the available English translation.
5d62dc1be48039f809f34d6a,proofs for the existence; immortality of the soul,subject_extracts/Evernote_scrape/proofs for the existence; immortality of the soul.txt,18,48,unmatched,No complete paragraph mapping confirmed after reference lookup and phrase searches across the English corpus.,,"...when the atom entered into the composition of the tree, it died to the mineral kingdom, ... but throughout its traversing it was subject to transformation and not annihilation.... In the mineral realm there was a spirit of existence; in the world of plant life and organisms it reappeared as the vegetative spirit; thence it attained the animal spirit and finally aspired to the human spirit. These are degrees and changes but not obliteration, and this is a rational proof that man is everlasting, ever-living.",PUP.088,,ABU0070,3,use Reference,Assigned quotation linked,ABU0070,3,confirmed,Owner-assigned ID and paragraph verified against the available English translation.
7e8e756258c1a11aa8260146,degrees of spirit and the kingdoms of existence,subject_extracts/Evernote_scrape/degrees of spirit and the kingdoms of existence.txt,42,93,approximate,,,In the mineral realm there was a spirit of existence; in the world of plant life and organisms it reappeared as the vegetative spirit...,PUP.088,,ABU0070,3,,Assigned quotation linked,ABU0070,3,confirmed,Owner-assigned ID and paragraph verified against the available English translation.
d0663541de303fae5cfb4149,existence and nonexistence; preexistence,subject_extracts/Evernote_scrape/existence and nonexistence; preexistence.txt,5,13,unmatched,No complete paragraph mapping confirmed after reference lookup and phrase searches across the English corpus.,,...nonexistence is only relative and absolute nonexistence inconceivable.... For existence there is neither change nor transformation; existence is ever existence; it can never be translated into nonexistence. It is gradation; a degree below a higher degree is considered as nonexistence.,PUP.088-089,,ABU0070,3,use Reference,Assigned quotation linked,ABU0070,3,approximate,Owner-assigned ID and paragraph verified against the available English translation. Only the first sentence was found within assigned paragraph 3; the full extract remains visible.
376c1a41a16502360510c48c,relativity and complementary truths,subject_extracts/Evernote_scrape/relativity and complementary truths.txt,23,55,unmatched,No complete paragraph mapping confirmed after reference lookup and phrase searches across the English corpus.,,...nonexistence is only relative and absolute nonexistence inconceivable.... For existence there is neither change nor transformation; existence is ever existence; it can never be translated into nonexistence. It is gradation; a degree below a higher degree is considered as nonexistence.,PUP.088-089,,ABU0070,3,use Reference,Assigned quotation linked,ABU0070,3,approximate,Owner-assigned ID and paragraph verified against the available English translation. Only the first sentence was found within assigned paragraph 3; the full extract remains visible.
8e1d3b50d1a312740f3d8d57,divine emanation is ceaseless; eternal,subject_extracts/Evernote_scrape/divine emanation is ceaseless; eternal.txt,13,29,unmatched,No complete paragraph mapping confirmed after reference lookup and phrase searches across the English corpus.,,"...it is impossible for that world to become nonbeing, for it is the very genesis of God; it is in the realm of origination; it is a creational and not a subjective world, and the bounty descending upon it is continuous and permanent. Therefore, man, the highest creature of the phenomenal world, is endowed with that continuous bounty bestowed by divine generosity without cessation.... the effulgences of existence are ever present and continuous.",PUP.089,,ABU0070,6,use Reference,Assigned quotation linked,ABU0070,6,confirmed,Owner-assigned ID and paragraph verified against the available English translation.
e61e187f27a54a8b12f7afd0,existence; immortality of the human soul,subject_extracts/Evernote_scrape/existence; immortality of the human soul.txt,3,9,unmatched,No complete paragraph mapping confirmed after reference lookup and phrase searches across the English corpus.,,"The conception of annihilation is a factor in human degradation, a cause of human debasement and lowliness, a source of human fear and abjection. It has been conducive to the dispersion and weakening of human thought, whereas the realization of existence and continuity has upraised man to sublimity of ideals, established the foundations of human progress and stimulated the development of heavenly virtues; therefore, it behooves man to abandon thoughts of nonexistence and death, which are absolutely imaginary, and see himself ever-living, everlasting in the divine purpose of his creation. He must turn away from ideas which degrade the human soul so that day by day and hour by hour he may advance upward and higher to spiritual perception of the continuity of the human reality. If he dwells upon the thought of nonexistence, he will become utterly incompetent; with weakened willpower his ambition for progress will be lessened and the acquisition of human virtues will cease.","PUP.089, Ruhi5.3.4",,ABU0070,7,use Reference,Assigned quotation linked,ABU0070,7,confirmed,Owner-assigned ID and paragraph verified against the available English translation.
1c7fd47f77fbcf8cf219602e,evolution; human evolution,subject_extracts/Evernote_scrape/evolution; human evolution.txt,11,28,unmatched,No complete paragraph mapping confirmed after reference lookup and phrase searches across the English corpus.,,"When we were in the mineral kingdom, although there we were endowed with certain gifts and powers, they were not to be compared with the blessings of the human kingdom.",PUP.090,,ABU0070,8,use Reference,Assigned quotation linked,ABU0070,8,confirmed,Owner-assigned ID and paragraph verified against the available English translation.
30b658693cdae3e2725e0328,the divine emanation; the all-pervading bounty of God,subject_extracts/Evernote_scrape/the divine emanation; the all-pervading bounty of God.txt,48,105,approximate,,,The bestowals of God ... are manifest in all phenomenal life....  The bestowals of God are all and always present.  The promises of God are all and always manifest.  The favors of God are all-surrounding.,PUP.090,,ABU0070,8,,Assigned quotation linked,ABU0070,8,approximate,Owner-assigned ID and paragraph verified against the available English translation.
1b36caa496db3d1952b875f5,two kinds of knowledge [ilm and irfan]; sight and insight,subject_extracts/Evernote_scrape/two kinds of knowledge [ilm and irfan]; sight and insight.txt,23,52,unmatched,No complete paragraph mapping confirmed after reference lookup and phrase searches across the English corpus.,,"He has given us material gifts and spiritual graces, outer sight to view the lights of the sun and inner vision by which we may perceive the glory of God. He has designed the outer ear to enjoy the melodies of sound and the inner hearing wherewith we may hear the voice of our Creator.","PUP.090, Ruhi5.3.4",,ABU0070,9,use Reference,Assigned quotation linked,ABU0070,9,confirmed,Owner-assigned ID and paragraph verified against the available English translation.
393242b67ff0c65395a53bfa,mysteries and their discovery; the mystical vision,subject_extracts/Evernote_scrape/mysteries and their discovery; the mystical vision.txt,51,105,unmatched,No complete paragraph mapping confirmed after reference lookup and phrase searches across the English corpus.,,"When man is not endowed with inner perception, he is not informed of these important mysteries.... The bestowals of God which are manifest in all phenomenal life are sometimes hidden by intervening veils of mental and mortal vision which render man spiritually blind and incapable, but when those scales are removed and the veils rent asunder, then the great signs of God will become visible, and he will witness the eternal light filling the world. The bestowals of God are all and always manifest. The promises of heaven are ever present. The favors of God are all-surrounding, but should the conscious eye of the soul of man remain veiled and darkened, he will be led to deny these universal signs and remain deprived of these manifestations of divine bounty. Therefore, we must endeavor with heart and soul in order that the veil covering the eye of inner vision may be removed, that we may behold the manifestations of the signs of God, discern His mysterious graces and realize that material blessings as compared with spiritual bounties are as nothing.","PUP.090, Ruhi5.3.6",,ABU0070,8,use Reference,Assigned quotation linked,ABU0070,8,confirmed,Owner-assigned ID and paragraph verified against the available English translation.
686df9a7932ec20b5ea482f5,The Holy Spirit,subject_extracts/Evernote_scrape/The Holy Spirit.txt,131,301,unmatched,"Reference lookup identifies AB00092, AB00152, AB00269, AB02405, AB05975, AB10773, ABU0007, ABU0079, ABU0086, ABU0096, ABU0114, ABU0281; 23 more records; no complete paragraph mapping confirmed.",,"This spiritual education is made possible through the power of the Holy Spirit. As long as the breaths of the Holy Spirit do not display any influence, spiritual education is not obtained; whereas if a soul is inspired by the Holy Spirit he will be enabled to educate a nation.","SW v08#08 p101 (Abdu'l-Baha, Asiatic Quarterly Review, Apr. 1913)",,AB00269,,use Reference,Assigned quotation linked,AB00269,18,confirmed,Owner-assigned ID; paragraph located by phrase search and comparison of translation variants.
ea6e2c62c6b8c985e0bdebe3,Manifestation of God as mediator,subject_extracts/Evernote_scrape/Manifestation of God as mediator.txt,17,37,unmatched,No complete paragraph mapping confirmed after reference lookup and phrase searches across the English corpus.,,"Say, He Whom God shall make manifest is indeed the Primal Veil of God. Above this Veil ye can find nothing other than God, while beneath it ye can discern all things emanating from God. He is the Unseen, the Inaccessible, the Most Exalted, the Best Beloved.",SWB.131,BB00003: 2270 (owner-reviewed),BB00003,2270,use Reference,Assigned quotation linked,BB00003,2270,confirmed,Owner-assigned paragraph 2270 verified as an exact quotation in the corrected BB00003 translation.
7dbdda2300072d203d0ff0e6,realms of being; three realms; five realms,subject_extracts/Evernote_scrape/realms of being; three realms; five realms.txt,14,31,unmatched,No complete paragraph mapping confirmed after reference lookup and phrase searches across the English corpus.,,"Say, He Whom God shall make manifest is indeed the Primal Veil of God. Above this Veil ye can find nothing other than God, while beneath it ye can discern all things emanating from God. He is the Unseen, the Inaccessible, the Most Exalted, the Best Beloved.",SWB.131,BB00003: 2270 (owner-reviewed),BB00003,2270,use Reference,Assigned quotation linked,BB00003,2270,confirmed,Owner-assigned paragraph 2270 verified as an exact quotation in the corrected BB00003 translation.
ffd0c1587efa6aa6b31b341d,the divine emanation; the all-pervading bounty of God,subject_extracts/Evernote_scrape/the divine emanation; the all-pervading bounty of God.txt,27,60,unmatched,No complete paragraph mapping confirmed after reference lookup and phrase searches across the English corpus.,,"Say, He Whom God shall make manifest is indeed the Primal Veil of God. Above this Veil ye can find nothing other than God, while beneath it ye can discern all things emanating from God. He is the Unseen, the Inaccessible, the Most Exalted, the Best Beloved.",SWB.131,BB00003: 2270 (owner-reviewed),BB00003,2270,use Reference,Assigned quotation linked,BB00003,2270,confirmed,Owner-assigned paragraph 2270 verified as an exact quotation in the corrected BB00003 translation.
9f40085a082332619535371e,identity; relationship of Manifestation of God to God,subject_extracts/Evernote_scrape/identity; relationship of Manifestation of God to God.txt,27,69,approximate,,,"Say, verily, the good-pleasure of Him Whom God shall make manifest is the good-pleasure of God, while the displeasure of Him Whom God shall make manifest is none other than the displeasure of God.","SWB.149, Ruhi4.3.4",,BB00003,,,Assigned quotation linked,BB00003,575,approximate,Owner-assigned ID; paragraph located by phrase search and comparison of translation variants. The good-pleasure clause is located in paragraph 575; the displeasure clause was not located in the available translation.
2f359ad05cd2b1e6bfb209b2,divine attributes are within all things; every atom,subject_extracts/Evernote_scrape/divine attributes are within all things; every atom.txt,28,59,unmatched,No complete paragraph mapping confirmed after reference lookup and phrase searches across the English corpus.,,"...the generative impulse Thou hast released is manifest throughout the entire creation, and all created things which Thou hast fashioned are but expressions of Thy wondrous signs.",SWB.196-197,,BB00018,5,use Reference,Assigned quotation linked,BB00018,5,confirmed,Owner-assigned ID and paragraph verified against the available English translation.
87f8d4d17d2eea129c53d01d,superiority; incomparability of the Word of God,subject_extracts/Evernote_scrape/superiority; incomparability of the Word of God.txt,19,50,approximate,,,"The word which the one true God uttereth in this day, though that word be the most familiar and commonplace of terms, is invested with supreme, with unique distinction.","WOB.104, Ruhi8.1.11 (Baha'u'llah)",BH09995: 1 (owner-reviewed),BH09995,1,,Assigned quotation linked,BH09995,1,approximate,Owner explicitly assigned BH09995 paragraph 1. Approximate reference to its opening sentence on the incomparable Word of God; the extract wording is not verbatim in the available translation.
c30561ededc0cafe410c1cfd,station; mission; authority of Abdu'l-Baha,subject_extracts/Evernote_scrape/station; mission; authority of Abdu'l-Baha.txt,13,32,unmatched,"Reference lookup identifies AB00851, BH00007, BH00354; no complete paragraph mapping confirmed.",,"I am, according to the explicit texts of the Kitab-i-Aqdas and the Kitab-i-'Ahd the manifest Interpreter of the Word of God... Whoso deviates from my interpretation is a victim of his own fancy.",WOB.138 (Abdu'l-Baha),,pass,,use Reference,Pass — retained unmatched,,,unmatched,Owner marked pass: retain quotation without an Inventory paragraph link.
